1	1	0	3
1	2	4	11
1	3	11	12
1	4	12	17
1	5	18	32
1	6	33	44
1	7	45	55
1	8	56	58
1	9	59	67
1	10	68	70
1	11	71	76
1	12	77	82
1	13	83	87
1	14	88	93
1	15	94	97
1	16	98	105
1	17	105	106
1	18	106	111
1	19	112	126
1	20	127	138
1	21	139	149
1	22	150	152
1	23	153	161
1	24	162	164
1	25	165	170
1	26	171	176
1	27	177	181
1	28	182	187
1	29	188	216
1	30	217	244
1	31	245	262
1	32	263	271
1	33	272	289
1	34	290	298
1	35	299	305
1	36	306	316
1	37	317	319
1	38	320	329
1	39	330	337
1	40	338	340
1	41	341	347
1	42	347	348
1	43	349	353
1	44	353	354
1	45	355	366
1	46	366	367
1	47	368	374
1	48	375	380
1	49	380	381
1	50	382	387
1	51	387	388
1	52	389	398
1	53	398	399
1	54	399	411
1	55	412	422
1	56	423	425
1	57	426	435
1	58	436	439
1	59	440	455
1	60	455	456
1	61	457	468
1	62	469	476
1	63	477	479
1	64	480	485
1	65	485	486
1	66	487	494
1	67	495	500
1	68	501	505
1	69	505	506
1	70	507	515
1	71	516	523
1	72	523	524
1	73	525	530
1	74	531	537
1	75	538	544
1	76	544	545
1	77	546	554
1	78	555	568
1	79	569	579
1	80	579	580
1	81	581	584
1	82	584	585
2	1	0	7
2	2	7	8
2	3	9	18
2	4	19	22
2	5	22	23
2	6	24	31
2	7	32	36
2	8	36	37
2	9	38	47
2	10	47	48
2	11	49	59
2	12	59	60
2	13	60	69
2	14	70	79
2	15	80	84
2	16	84	85
2	17	85	93
2	18	93	94
2	19	95	99
2	20	100	104
2	21	104	105
2	22	106	114
2	23	115	120
2	24	120	121
2	25	122	128
2	26	128	129
2	27	130	138
2	28	138	139
2	29	139	145
2	30	146	161
2	31	161	162
2	32	163	178
2	33	178	179
2	34	179	187
2	35	187	188
2	36	189	193
2	37	193	194
2	38	195	210
2	39	210	211
2	40	212	215
2	41	215	216
2	42	217	232
2	43	233	236
2	44	237	239
2	45	240	243
2	46	244	247
2	47	248	250
2	48	251	260
2	49	261	266
2	50	267	272
2	51	272	273
2	52	273	284
2	53	285	295
2	54	296	302
2	55	303	308
2	56	309	313
2	57	314	322
2	58	322	323
2	59	324	326
2	60	327	331
2	61	332	340
2	62	341	344
2	63	345	353
2	64	354	368
2	65	369	375
2	66	376	377
2	67	377	378
2	68	379	380
2	69	381	385
2	70	386	389
2	71	390	394
2	72	394	395
2	73	395	396
2	74	397	409
2	75	410	418
2	76	419	422
2	77	423	434
2	78	435	444
2	79	445	447
2	80	448	457
2	81	457	458
3	1	0	5
3	2	6	17
3	3	18	20
3	4	21	28
3	5	29	38
3	6	39	41
3	7	42	54
3	8	54	55
3	9	55	66
3	10	67	72
3	11	73	78
3	12	79	83
3	13	84	89
3	14	90	91
3	15	91	93
3	16	93	94
3	17	94	98
3	18	98	99
3	19	100	103
3	20	104	108
3	21	109	121
3	22	121	122
4	1	0	3
4	2	4	20
4	3	21	23
4	4	24	29
4	5	30	36
4	6	37	45
4	7	46	51
4	8	52	53
4	9	53	56
4	10	56	57
4	11	58	61
4	12	62	64
4	13	65	69
4	14	70	81
4	15	81	82
4	16	82	91
4	17	92	99
4	18	100	106
4	19	107	118
4	20	119	120
4	21	120	123
4	22	123	124
4	23	125	136
4	24	137	140
4	25	141	142
4	26	143	144
4	27	145	149
4	28	149	150
5	1	0	2
5	2	3	7
5	3	8	19
5	4	19	20
5	5	21	35
5	6	36	47
5	7	48	51
5	8	52	59
5	9	60	62
5	10	63	66
5	11	67	69
5	12	69	70
5	13	70	73
5	14	74	79
5	15	80	85
5	16	85	86
5	17	87	92
5	18	93	104
5	19	105	107
5	20	108	109
5	21	110	116
5	22	117	127
5	23	128	138
5	24	139	153
5	25	154	158
5	26	159	163
5	27	163	164
5	28	164	168
5	29	169	179
5	30	180	181
5	31	182	183
5	32	184	185
5	33	186	187
5	34	188	190
5	35	190	191
5	36	192	193
5	37	194	195
5	38	196	199
5	39	200	201
5	40	201	203
5	41	204	205
5	42	206	211
5	43	212	215
5	44	216	221
5	45	222	223
5	46	223	224
5	47	225	228
5	48	229	230
5	49	231	232
5	50	233	237
5	51	238	241
5	52	242	246
5	53	246	247
5	54	248	260
5	55	260	261
5	56	261	262
6	1	0	3
6	2	4	11
6	3	12	21
6	4	22	29
6	5	30	35
6	6	36	39
6	7	40	41
6	8	41	42
6	9	43	45
6	10	46	47
6	11	48	54
6	12	55	60
6	13	61	71
6	14	72	76
6	15	77	81
6	16	81	82
6	17	83	85
6	18	86	94
6	19	95	99
6	20	100	107
6	21	108	111
6	22	112	116
6	23	116	117
7	1	0	3
7	2	4	14
7	3	15	27
7	4	28	32
7	5	33	40
7	6	41	47
7	7	48	50
7	8	51	55
7	9	56	62
7	10	63	66
7	11	67	71
7	12	72	78
7	13	79	82
7	14	83	84
7	15	85	86
7	16	87	91
7	17	92	95
7	18	96	97
7	19	98	99
7	20	100	104
7	21	104	105
7	22	106	118
7	23	118	119
7	24	120	122
7	25	123	126
7	26	127	128
7	27	128	129
7	28	129	130
8	1	0	3
8	2	4	8
8	3	9	17
8	4	18	28
8	5	29	30
8	6	30	33
8	7	33	34
8	8	35	47
8	9	48	58
8	10	59	69
8	11	70	72
8	12	73	84
8	13	85	90
8	14	91	93
8	15	94	96
8	16	97	100
8	17	101	103
8	18	104	109
8	19	110	115
8	20	116	119
8	21	120	125
8	22	126	131
8	23	132	135
8	24	136	137
8	25	138	139
8	26	140	144
8	27	145	148
8	28	149	150
8	29	151	152
8	30	153	157
8	31	157	158
8	32	159	171
8	33	171	172
8	34	173	175
8	35	176	179
8	36	180	181
8	37	181	182
8	38	182	183
9	1	0	2
9	2	3	9
9	3	10	14
9	4	15	20
9	5	21	26
9	6	27	36
9	7	37	46
9	8	47	48
9	9	49	56
9	10	57	62
9	11	63	65
9	12	66	72
9	13	73	76
9	14	77	78
9	15	78	79
9	16	79	82
9	17	83	85
9	18	86	89
9	19	90	91
9	20	91	92
9	21	93	97
9	22	98	102
9	23	103	105
9	24	106	108
9	25	109	110
9	26	111	115
9	27	115	116
9	28	117	119
9	29	120	122
9	30	123	134
9	31	134	135
9	32	135	144
9	33	145	158
9	34	159	163
9	35	164	190
9	36	191	192
9	37	192	196
9	38	196	197
9	39	198	200
9	40	201	204
9	41	205	216
9	42	216	217
10	1	0	9
10	2	9	10
10	3	11	13
10	4	14	21
10	5	22	25
10	6	26	40
10	7	41	42
10	8	42	43
10	9	44	45
10	10	46	50
10	11	51	54
10	12	55	59
10	13	59	60
10	14	61	71
10	15	72	78
10	16	79	81
10	17	82	91
10	18	92	102
10	19	103	106
10	20	107	115
10	21	116	118
10	22	119	121
10	23	121	122
10	24	122	126
10	25	126	127
11	1	0	2
11	2	2	3
11	3	3	7
11	4	8	16
11	5	17	24
11	6	25	32
11	7	33	44
11	8	45	51
11	9	52	53
11	10	53	54
12	1	0	12
12	2	13	17
12	3	18	25
12	4	26	29
12	5	30	35
12	6	36	43
12	7	44	46
12	8	47	53
12	9	54	57
12	10	58	65
12	11	66	71
12	12	72	79
12	13	80	89
12	14	90	93
12	15	94	99
12	16	100	105
12	17	106	110
12	18	111	116
12	19	117	118
12	20	118	122
12	21	122	123
12	22	124	128
12	23	129	131
12	24	132	139
12	25	140	142
12	26	143	155
12	27	156	168
12	28	169	170
12	29	170	173
12	30	173	174
12	31	174	177
12	32	178	179
12	33	179	180
12	34	180	181
12	35	182	193
12	36	193	194
13	1	0	1
13	2	2	10
13	3	11	13
13	4	14	17
13	5	18	27
13	6	28	39
13	7	40	45
13	8	46	47
13	9	48	57
13	10	58	60
13	11	61	64
13	12	65	74
13	13	75	83
13	14	84	87
13	15	88	90
13	16	91	99
13	17	100	102
13	18	103	106
13	19	107	118
13	20	119	131
13	21	132	143
13	22	143	144
14	1	0	3
14	2	4	10
14	3	10	11
14	4	11	20
14	5	21	29
14	6	30	31
14	7	31	34
14	8	34	35
14	9	36	38
14	10	38	39
14	11	40	42
14	12	43	53
14	13	53	54
14	14	55	63
14	15	64	72
14	16	73	75
14	17	76	79
14	18	80	87
14	19	88	96
14	20	97	100
14	21	100	101
15	1	0	1
15	2	2	12
15	3	13	17
15	4	18	26
15	5	27	29
15	6	30	38
15	7	39	42
15	8	43	55
15	9	56	66
15	10	67	69
15	11	70	75
15	12	76	88
15	13	89	96
15	14	97	100
15	15	101	108
15	16	109	112
15	17	113	124
15	18	125	134
15	19	134	135
15	20	136	139
15	21	140	142
15	22	143	150
15	23	151	154
15	24	155	163
15	25	164	166
15	26	167	170
15	27	171	181
15	28	181	182
15	29	183	185
15	30	186	188
15	31	189	196
15	32	197	198
15	33	198	203
15	34	204	209
15	35	210	213
15	36	214	224
15	37	225	235
15	38	235	236
15	39	237	238
15	40	238	242
15	41	243	246
15	42	246	247
15	43	248	252
15	44	253	255
15	45	256	263
15	46	264	266
15	47	267	270
15	48	271	276
15	49	277	288
15	50	289	293
15	51	294	297
15	52	298	301
15	53	302	306
15	54	307	309
15	55	310	313
15	56	314	320
15	57	320	321
15	58	321	326
15	59	327	337
15	60	338	339
15	61	339	342
15	62	342	343
15	63	343	344
16	1	0	1
16	2	2	11
16	3	12	19
16	4	20	28
16	5	29	31
16	6	32	35
16	7	36	40
16	8	40	41
16	9	41	52
16	10	53	55
16	11	56	61
16	12	62	67
16	13	68	70
16	14	71	79
16	15	80	90
16	16	90	91
16	17	92	97
16	18	98	100
16	19	101	107
16	20	108	111
16	21	112	113
16	22	114	119
16	23	120	128
16	24	129	131
16	25	132	135
16	26	136	141
16	27	142	150
16	28	151	152
16	29	153	159
16	30	159	160
16	31	160	167
16	32	168	179
16	33	180	182
16	34	183	186
16	35	187	196
16	36	197	199
16	37	200	203
16	38	204	211
16	39	212	216
16	40	217	227
16	41	228	237
16	42	238	241
16	43	242	244
16	44	245	248
16	45	249	253
16	46	254	264
16	47	265	277
16	48	277	278
17	1	0	4
17	2	5	13
17	3	14	16
17	4	17	21
17	5	22	24
17	6	25	29
17	7	30	31
17	8	32	44
17	9	45	51
17	10	52	54
17	11	55	61
17	12	62	71
17	13	71	72
17	14	73	81
17	15	82	83
17	16	84	91
17	17	92	98
17	18	99	109
17	19	110	114
17	20	115	120
17	21	120	121
18	1	0	13
18	2	13	14
18	3	15	19
18	4	20	24
18	5	25	28
18	6	29	34
18	7	35	37
18	8	38	41
18	9	42	53
18	10	54	56
18	11	57	66
18	12	67	75
18	13	76	81
18	14	81	82
18	15	83	88
18	16	89	91
18	17	92	98
18	18	99	109
18	19	110	115
18	20	116	119
18	21	120	121
18	22	121	122
18	23	123	127
18	24	128	135
18	25	136	138
18	26	139	142
18	27	143	146
18	28	147	149
18	29	150	155
18	30	156	166
18	31	166	167
19	1	0	4
19	2	5	14
19	3	15	20
19	4	21	24
19	5	25	27
19	6	28	37
19	7	38	42
19	8	43	52
19	9	53	61
19	10	62	65
19	11	66	68
19	12	69	72
19	13	73	80
19	14	81	83
19	15	84	93
19	16	94	98
19	17	99	106
19	18	107	112
19	19	113	118
19	20	119	122
19	21	123	129
19	22	129	130
20	1	0	3
20	2	4	17
20	3	18	20
20	4	21	22
20	5	23	25
20	6	26	36
20	7	37	46
20	8	47	49
20	9	50	53
20	10	54	62
20	11	63	69
20	12	70	72
20	13	73	77
20	14	78	89
20	15	90	93
20	16	94	98
20	17	99	107
20	18	108	115
20	19	116	123
20	20	124	132
20	21	133	146
20	22	147	151
20	23	152	156
20	24	157	161
20	25	162	171
20	26	172	178
20	27	179	181
20	28	182	185
20	29	186	188
20	30	189	190
20	31	190	203
20	32	203	204
20	33	205	207
20	34	208	210
20	35	211	214
20	36	215	217
20	37	218	227
20	38	228	229
20	39	229	242
20	40	242	243
20	41	243	244
20	42	245	249
20	43	250	255
20	44	256	260
20	45	261	263
20	46	264	266
20	47	266	267
20	48	268	270
20	49	270	271
20	50	272	274
20	51	275	278
20	52	279	281
20	53	281	282
20	54	283	285
20	55	285	286
20	56	287	289
20	57	289	290
20	58	291	294
20	59	295	297
20	60	297	298
20	61	299	311
20	62	312	324
20	63	324	325
21	1	0	1
21	2	2	14
21	3	15	25
21	4	26	34
21	5	35	37
21	6	38	41
21	7	42	54
21	8	55	57
21	9	58	59
21	10	60	65
21	11	66	74
21	12	75	77
21	13	78	84
21	14	85	92
21	15	93	100
21	16	101	103
21	17	104	107
21	18	108	110
21	19	111	121
21	20	122	124
21	21	125	130
21	22	131	133
21	23	134	145
21	24	146	149
21	25	150	157
21	26	158	160
21	27	161	165
21	28	166	175
21	29	176	183
21	30	184	189
21	31	190	194
21	32	195	205
21	33	206	209
21	34	210	221
21	35	222	224
21	36	225	233
21	37	233	234
22	1	0	9
22	2	10	18
22	3	19	33
22	4	34	36
22	5	37	50
22	6	51	52
22	7	52	53
22	8	54	55
22	9	56	58
22	10	58	59
22	11	60	62
22	12	62	63
22	13	64	66
22	14	66	67
22	15	68	69
22	16	69	70
22	17	71	73
22	18	73	74
22	19	75	88
22	20	88	89
22	21	90	92
22	22	93	97
22	23	98	102
22	24	103	105
22	25	106	110
22	26	111	123
22	27	124	132
22	28	133	136
22	29	137	149
22	30	150	152
22	31	153	154
22	32	155	156
22	33	157	161
22	34	162	164
22	35	165	168
22	36	169	171
22	37	172	176
22	38	176	177
22	39	178	183
22	40	184	186
22	41	187	189
22	42	190	194
22	43	195	200
22	44	201	203
22	45	204	210
22	46	211	214
22	47	215	225
22	48	226	235
22	49	236	238
22	50	239	243
22	51	244	254
22	52	254	255
22	53	255	262
22	54	263	272
22	55	273	283
22	56	283	284
23	1	0	3
23	2	4	7
23	3	8	10
23	4	11	15
23	5	16	21
23	6	22	24
23	7	25	27
23	8	28	37
23	9	38	41
23	10	42	53
23	11	54	62
23	12	63	66
23	13	67	75
23	14	76	85
23	15	86	88
23	16	89	97
23	17	98	100
23	18	101	105
23	19	106	110
23	20	111	114
23	21	115	125
23	22	126	134
23	23	134	135
23	24	136	146
23	25	147	149
23	26	150	151
23	27	152	165
23	28	166	173
23	29	174	180
23	30	181	192
23	31	193	194
23	32	194	197
23	33	197	198
23	34	199	209
23	35	210	215
23	36	215	216
24	1	0	2
24	2	3	9
24	3	10	12
24	4	13	16
24	5	17	28
24	6	29	32
24	7	33	49
24	8	50	59
24	9	60	63
24	10	64	74
24	11	75	87
24	12	87	88
24	13	89	101
24	14	102	112
24	15	113	115
24	16	116	127
24	17	128	133
24	18	133	134
24	19	135	146
24	20	146	147
24	21	148	151
24	22	152	163
24	23	164	166
24	24	167	173
24	25	174	178
24	26	179	184
24	27	185	192
24	28	193	197
24	29	198	202
24	30	203	211
24	31	212	214
24	32	215	220
24	33	221	222
24	34	222	223
25	1	0	12
25	2	13	27
25	3	28	29
25	4	29	30
25	5	31	32
25	6	33	37
25	7	37	38
25	8	39	43
25	9	43	44
25	10	45	48
25	11	49	53
25	12	53	54
25	13	55	59
25	14	60	71
25	15	72	75
25	16	76	77
25	17	78	85
25	18	85	86
25	19	86	93
25	20	94	99
25	21	99	100
26	1	0	3
26	2	4	12
26	3	13	22
26	4	23	31
26	5	31	32
26	6	33	46
26	7	46	47
26	8	48	51
26	9	52	56
26	10	57	59
26	11	60	70
26	12	71	76
26	13	77	81
26	14	82	91
26	15	92	97
26	16	98	106
26	17	107	109
26	18	110	113
26	19	114	116
26	20	117	119
26	21	120	122
26	22	122	123
26	23	124	130
26	24	131	135
26	25	136	143
26	26	144	148
26	27	149	151
26	28	152	154
26	29	155	157
26	30	158	170
26	31	171	175
26	32	175	176
27	1	0	3
27	2	4	6
27	3	7	9
27	4	10	13
27	5	14	19
27	6	20	28
27	7	29	32
27	8	33	34
27	9	34	35
28	1	0	3
28	2	4	9
28	3	10	13
28	4	14	19
28	5	20	22
28	6	23	26
28	7	27	28
28	8	28	29
28	9	30	33
28	10	34	40
28	11	41	51
28	12	52	54
28	13	55	67
28	14	68	70
28	15	71	73
28	16	74	77
28	17	78	79
28	18	79	80
28	19	81	84
28	20	85	87
28	21	88	89
28	22	89	90
29	1	0	1
29	2	2	7
29	3	8	17
29	4	18	20
29	5	21	24
29	6	25	27
29	7	28	32
29	8	33	34
29	9	34	35
29	10	36	39
29	11	40	42
29	12	43	44
29	13	45	48
29	14	49	53
29	15	54	62
29	16	63	66
29	17	67	74
29	18	75	78
29	19	79	81
29	20	82	88
29	21	89	92
29	22	93	101
29	23	102	117
29	24	118	120
29	25	121	124
29	26	125	132
29	27	132	133
30	1	0	3
30	2	4	12
30	3	13	21
30	4	22	26
30	5	27	40
30	6	41	43
30	7	44	49
30	8	50	61
30	9	62	63
30	10	63	66
30	11	66	67
30	12	68	71
30	13	72	77
30	14	78	92
30	15	93	96
30	16	97	100
30	17	101	111
30	18	112	114
30	19	115	118
30	20	119	124
30	21	125	131
30	22	132	137
30	23	138	139
30	24	140	147
30	25	148	150
30	26	151	165
30	27	166	167
30	28	167	173
30	29	173	174
30	30	175	180
30	31	180	181
30	32	182	183
30	33	183	185
30	34	186	188
30	35	188	189
30	36	190	192
30	37	193	195
30	38	195	196
30	39	196	197
30	40	198	208
30	41	209	211
30	42	212	213
30	43	214	226
30	44	227	235
30	45	236	237
30	46	237	243
30	47	244	252
30	48	253	257
30	49	257	258
30	50	259	265
30	51	265	266
30	52	267	272
30	53	272	273
30	54	273	274
30	55	275	277
30	56	278	283
30	57	283	284
30	58	284	292
30	59	293	303
30	60	304	312
30	61	313	317
30	62	318	320
30	63	321	323
30	64	324	333
30	65	334	335
30	66	335	336
30	67	337	338
30	68	339	345
30	69	346	347
30	70	347	348
30	71	348	349
30	72	350	357
30	73	358	360
30	74	361	364
30	75	365	367
30	76	368	375
30	77	376	381
30	78	381	382
31	1	0	7
31	2	8	14
31	3	15	26
31	4	27	28
31	5	28	31
31	6	31	32
31	7	33	37
31	8	38	42
31	9	43	52
31	10	53	56
31	11	57	73
31	12	73	74
31	13	75	80
31	14	81	84
31	15	85	88
31	16	89	103
31	17	104	106
31	18	107	115
31	19	116	120
31	20	120	121
31	21	121	129
31	22	129	130
31	23	131	139
31	24	139	140
31	25	141	143
31	26	144	147
31	27	148	152
31	28	152	153
31	29	153	163
31	30	164	177
31	31	178	182
31	32	183	184
31	33	185	192
31	34	193	203
31	35	204	205
31	36	206	207
31	37	208	213
31	38	214	215
31	39	215	216
32	1	0	5
32	2	6	7
32	3	8	9
32	4	10	12
32	5	13	16
32	6	17	23
32	7	24	27
32	8	28	37
32	9	38	40
32	10	41	42
32	11	43	51
32	12	52	55
32	13	56	59
32	14	60	63
32	15	64	68
32	16	69	80
32	17	81	82
32	18	82	84
32	19	84	85
32	20	86	90
32	21	91	101
32	22	101	102
32	23	103	106
32	24	107	109
32	25	110	111
32	26	112	118
32	27	119	123
32	28	124	128
32	29	129	131
32	30	132	135
32	31	136	139
32	32	140	143
32	33	144	147
32	34	148	159
32	35	159	160
32	36	160	169
32	37	170	181
32	38	181	182
32	39	183	189
32	40	190	192
32	41	193	198
32	42	199	202
32	43	203	209
32	44	210	217
32	45	218	228
32	46	229	231
32	47	232	233
32	48	234	241
32	49	242	250
32	50	251	253
32	51	254	257
32	52	257	258
33	1	0	4
33	2	5	11
33	3	12	18
33	4	19	22
33	5	23	29
33	6	30	32
33	7	33	36
33	8	37	47
33	9	48	52
33	10	53	55
33	11	56	57
33	12	58	65
33	13	66	70
33	14	71	72
33	15	73	81
33	16	82	90
33	17	91	100
33	18	101	106
33	19	107	113
33	20	114	115
33	21	115	118
33	22	119	120
33	23	121	123
33	24	123	124
33	25	124	125
33	26	126	130
33	27	130	131
33	28	131	132
34	1	0	3
34	2	4	16
34	3	17	21
34	4	22	29
34	5	30	33
34	6	34	36
34	7	37	39
34	8	39	40
34	9	41	44
34	10	44	45
34	11	46	49
34	12	49	50
34	13	51	54
34	14	55	58
34	15	59	62
34	16	63	64
34	17	64	65
34	18	65	66
35	1	0	3
35	2	4	12
35	3	13	17
35	4	18	21
35	5	22	26
35	6	27	34
35	7	35	38
35	8	39	40
35	9	41	42
35	10	42	43
36	1	0	11
36	2	12	16
36	3	17	21
36	4	22	30
36	5	31	33
36	6	34	37
36	7	38	46
36	8	47	53
36	9	54	58
36	10	58	59
36	11	60	65
36	12	66	69
36	13	70	78
36	14	79	89
36	15	90	97
36	16	98	102
36	17	102	103
37	1	0	1
37	2	2	14
37	3	15	23
37	4	24	27
37	5	28	38
37	6	39	41
37	7	42	50
37	8	51	54
37	9	55	62
37	10	63	68
37	11	68	69
38	1	0	3
38	2	4	13
38	3	14	24
38	4	25	29
38	5	30	37
38	6	38	40
38	7	41	44
38	8	45	50
38	9	51	54
38	10	55	57
38	11	58	61
38	12	62	65
38	13	65	66
38	14	67	72
38	15	73	79
38	16	79	80
38	17	81	91
38	18	92	104
38	19	104	105
38	20	106	110
38	21	110	111
38	22	111	116
38	23	117	122
38	24	122	123
38	25	124	128
38	26	128	129
38	27	129	133
38	28	134	144
38	29	144	145
38	30	146	158
38	31	159	168
38	32	169	172
38	33	173	182
38	34	183	193
38	35	193	194
38	36	195	205
38	37	206	217
38	38	217	218
38	39	219	228
38	40	229	236
38	41	237	244
38	42	245	248
38	43	249	252
38	44	253	259
38	45	260	263
38	46	264	275
38	47	276	279
38	48	280	282
38	49	282	283
38	50	284	286
38	51	287	290
38	52	291	293
38	53	294	300
38	54	301	306
38	55	306	307
39	1	0	9
39	2	10	17
39	3	18	21
39	4	22	28
39	5	29	34
39	6	35	39
39	7	40	44
39	8	45	52
39	9	53	57
39	10	58	61
39	11	62	66
39	12	66	67
40	1	0	3
40	2	4	12
40	3	13	23
40	4	24	31
40	5	32	34
40	6	35	37
40	7	37	38
40	8	39	41
40	9	41	42
40	10	43	45
40	11	46	49
40	12	50	51
40	13	52	56
40	14	57	61
40	15	61	62
40	16	63	67
40	17	67	68
40	18	69	73
40	19	74	77
40	20	78	83
40	21	84	86
40	22	86	87
40	23	88	100
40	24	100	101
41	1	0	7
41	2	8	16
41	3	17	21
41	4	22	30
41	5	31	33
41	6	34	35
41	7	36	39
41	8	39	40
41	9	40	43
41	10	43	44
41	11	44	46
41	12	47	52
41	13	53	57
41	14	58	60
41	15	61	72
41	16	72	73
41	17	74	78
41	18	79	81
41	19	82	83
41	20	83	84
41	21	85	87
41	22	88	91
41	23	92	93
41	24	93	94
41	25	95	99
41	26	100	101
41	27	102	106
41	28	107	109
41	29	110	112
41	30	113	114
41	31	114	115
41	32	115	118
41	33	118	119
42	1	0	7
42	2	8	17
42	3	18	29
42	4	30	33
42	5	34	36
42	6	37	47
42	7	48	60
42	8	61	73
42	9	74	78
42	10	79	86
42	11	87	90
42	12	91	94
42	13	95	109
42	14	110	111
42	15	111	112
42	16	113	114
42	17	115	119
42	18	119	120
42	19	121	125
42	20	125	126
42	21	127	134
42	22	135	137
42	23	138	146
42	24	147	154
42	25	154	155
43	1	0	14
43	2	15	19
43	3	20	29
43	4	30	32
43	5	33	41
43	6	42	50
43	7	51	53
43	8	54	57
43	9	58	61
43	10	62	65
43	11	66	67
43	12	68	71
43	13	72	74
43	14	75	79
43	15	80	85
43	16	86	93
43	17	94	98
43	18	99	103
43	19	104	116
43	20	117	125
43	21	126	128
43	22	129	133
43	23	134	135
43	24	135	136
43	25	136	137
44	1	0	7
44	2	8	17
44	3	18	21
44	4	22	31
44	5	32	34
44	6	35	36
44	7	37	48
44	8	49	56
44	9	57	66
44	10	67	68
44	11	68	75
44	12	76	83
44	13	84	92
44	14	92	93
44	15	94	100
44	16	100	101
44	17	102	107
44	18	107	108
44	19	108	109
44	20	110	117
44	21	118	120
44	22	121	124
44	23	125	128
44	24	129	130
44	25	130	131
44	26	132	134
44	27	135	138
44	28	139	149
44	29	150	152
44	30	153	157
44	31	157	158
44	32	158	164
44	33	165	172
44	34	172	173
45	1	0	3
45	2	4	6
45	3	7	19
45	4	20	23
45	5	24	32
45	6	33	40
45	7	41	43
45	8	44	47
45	9	48	51
45	10	52	53
45	11	53	54
45	12	55	57
45	13	58	61
45	14	62	64
45	15	65	68
45	16	69	73
45	17	73	74
45	18	74	79
45	19	80	86
45	20	87	89
45	21	90	93
45	22	93	94
45	23	94	100
45	24	101	108
45	25	109	114
45	26	115	117
45	27	118	126
45	28	127	134
45	29	135	139
45	30	140	143
45	31	144	147
45	32	148	149
45	33	149	150
46	1	0	2
46	2	3	13
46	3	14	26
46	4	27	30
46	5	31	39
46	6	40	43
46	7	44	58
46	8	59	60
46	9	60	61
46	10	62	63
46	11	64	68
46	12	68	69
46	13	70	74
46	14	75	78
46	15	79	83
46	16	83	84
46	17	85	87
46	18	88	97
46	19	98	110
46	20	111	112
46	21	112	114
46	22	114	115
46	23	115	116
47	1	0	2
47	2	3	15
47	3	16	20
47	4	21	30
47	5	31	33
47	6	34	37
47	7	38	43
47	8	44	48
47	9	48	49
47	10	49	56
47	11	57	66
47	12	67	68
47	13	68	71
47	14	71	72
47	15	73	83
47	16	84	86
47	17	87	88
47	18	89	100
47	19	101	114
47	20	115	117
47	21	118	125
47	22	126	129
47	23	130	143
47	24	144	150
47	25	151	153
47	26	154	157
47	27	158	169
47	28	170	173
47	29	174	183
47	30	184	197
47	31	197	198
48	1	0	3
48	2	4	8
48	3	9	16
48	4	16	17
48	5	18	19
48	6	20	25
48	7	26	37
48	8	38	44
48	9	45	47
48	10	48	74
48	11	75	76
48	12	76	80
48	13	81	84
48	14	85	89
48	15	89	90
48	16	90	91
49	1	0	4
49	2	5	8
49	3	9	17
49	4	18	20
49	5	21	24
49	6	25	35
49	7	36	38
49	8	39	40
49	9	41	46
49	10	47	52
49	11	53	62
49	12	62	63
50	1	0	3
50	2	4	12
50	3	13	22
50	4	23	28
50	5	28	29
50	6	30	33
50	7	33	34
50	8	35	40
50	9	41	44
50	10	45	50
50	11	51	55
50	12	56	61
50	13	61	62
50	14	63	71
50	15	72	76
50	16	77	84
50	17	85	88
50	18	89	95
50	19	96	98
50	20	99	103
50	21	104	105
50	22	105	106
50	23	107	110
50	24	111	113
50	25	114	115
50	26	115	116
50	27	117	121
50	28	122	124
50	29	125	129
50	30	130	131
50	31	131	132
50	32	133	136
50	33	137	139
50	34	140	141
50	35	142	145
50	36	146	153
50	37	154	162
50	38	163	165
50	39	166	170
50	40	171	172
50	41	172	173
50	42	174	177
50	43	178	180
50	44	181	182
50	45	182	183
51	1	0	2
51	2	3	7
51	3	8	12
51	4	12	13
51	5	14	19
51	6	20	29
51	7	30	33
51	8	34	42
51	9	43	50
51	10	51	53
51	11	53	54
51	12	55	58
51	13	59	61
51	14	61	62
51	15	62	63
52	1	0	3
52	2	4	13
52	3	14	16
52	4	17	20
52	5	21	33
52	6	34	38
52	7	39	41
52	8	41	42
52	9	42	43
53	1	0	3
53	2	4	13
53	3	14	18
53	4	19	29
53	5	30	35
53	6	36	45
53	7	46	47
53	8	47	48
53	9	48	49
53	10	50	53
53	11	54	55
53	12	55	56
53	13	56	57
53	14	57	58
53	15	59	60
53	16	61	62
53	17	63	64
53	18	64	65
53	19	65	66
53	20	67	68
53	21	68	69
53	22	69	70
53	23	71	73
53	24	74	75
53	25	76	79
53	26	79	80
53	27	80	85
53	28	86	87
53	29	87	88
53	30	88	89
53	31	90	95
53	32	96	97
53	33	98	101
53	34	102	104
53	35	105	108
53	36	109	112
53	37	113	125
53	38	126	129
53	39	130	141
53	40	142	149
53	41	150	152
53	42	153	156
53	43	157	163
53	44	163	164
53	45	165	177
53	46	177	178
54	1	0	3
54	2	4	14
54	3	15	17
54	4	18	21
54	5	22	28
54	6	29	31
54	7	32	45
54	8	46	48
54	9	49	57
54	10	58	60
54	11	61	62
54	12	62	63
54	13	63	64
54	14	64	66
54	15	66	67
54	16	68	69
54	17	70	73
54	18	73	74
55	1	0	3
55	2	4	10
55	3	11	25
55	4	26	27
55	5	27	28
55	6	29	30
55	7	31	35
55	8	35	36
55	9	37	41
55	10	42	45
55	11	46	50
55	12	50	51
55	13	52	61
55	14	62	66
55	15	67	71
55	16	71	72
55	17	72	78
55	18	79	81
55	19	82	89
55	20	90	92
55	21	93	98
55	22	99	102
55	23	103	115
55	24	115	116
56	1	0	3
56	2	4	9
56	3	10	17
56	4	18	22
56	5	23	27
56	6	28	33
56	7	34	38
56	8	39	40
56	9	41	47
56	10	48	49
56	11	49	54
56	12	55	59
56	13	60	67
56	14	67	68
56	15	69	75
56	16	75	76
56	17	77	82
56	18	82	83
56	19	84	86
56	20	87	93
56	21	94	96
56	22	97	100
56	23	101	103
56	24	104	107
56	25	108	115
56	26	116	124
56	27	124	125
57	1	0	3
57	2	4	7
57	3	8	11
57	4	12	25
57	5	26	33
57	6	34	38
57	7	39	42
57	8	43	54
57	9	55	59
57	10	60	64
57	11	65	73
57	12	74	76
57	13	77	90
57	14	91	105
57	15	105	106
57	16	106	110
57	17	110	111
57	18	111	125
57	19	126	127
57	20	127	128
57	21	129	130
57	22	131	135
57	23	135	136
57	24	137	141
57	25	142	145
57	26	146	150
57	27	150	151
57	28	151	152
58	1	0	3
58	2	4	9
58	3	10	14
58	4	15	23
58	5	24	26
58	6	27	31
58	7	32	33
58	8	33	34
58	9	35	38
58	10	39	40
58	11	41	42
58	12	43	45
58	13	46	52
58	14	53	54
58	15	55	59
58	16	60	69
58	17	70	77
58	18	78	81
58	19	82	90
58	20	91	94
58	21	95	98
58	22	99	111
58	23	112	121
58	24	122	124
58	25	125	126
58	26	127	136
58	27	137	147
58	28	148	157
58	29	158	160
58	30	161	164
58	31	165	177
58	32	178	181
58	33	182	187
58	34	187	188
58	35	188	194
58	36	195	202
58	37	203	210
58	38	210	211
59	1	0	12
59	2	12	13
59	3	14	17
59	4	18	20
59	5	21	31
59	6	32	36
59	7	37	44
59	8	45	49
59	9	50	53
59	10	54	61
59	11	62	70
59	12	71	74
59	13	75	83
59	14	84	86
59	15	87	90
59	16	91	92
59	17	92	93
59	18	94	97
59	19	98	99
59	20	100	101
59	21	102	104
59	22	105	111
59	23	112	125
59	24	126	136
59	25	136	137
60	1	0	2
60	2	3	6
60	3	7	11
60	4	12	21
60	5	22	24
60	6	25	39
60	7	40	44
60	8	44	45
60	9	46	56
60	10	57	60
60	11	61	72
60	12	73	77
60	13	78	81
60	14	82	84
60	15	85	88
60	16	89	90
60	17	90	91
60	18	91	92
60	19	93	97
60	20	98	100
60	21	101	111
60	22	112	119
60	23	120	122
60	24	123	125
60	25	126	128
60	26	129	131
60	27	132	135
60	28	136	141
60	29	142	144
60	30	145	146
60	31	147	150
60	32	151	153
60	33	154	157
60	34	158	161
60	35	161	162
61	1	0	3
61	2	4	7
61	3	8	12
61	4	13	23
61	5	24	28
61	6	29	39
61	7	40	42
61	8	43	46
61	9	47	58
61	10	59	63
61	11	64	66
61	12	67	71
61	13	72	76
61	14	77	81
61	15	82	85
61	16	86	91
61	17	92	94
61	18	95	100
61	19	100	101
62	1	0	3
62	2	4	8
62	3	9	17
62	4	18	22
62	5	23	31
62	6	32	36
62	7	37	40
62	8	41	46
62	9	47	55
62	10	56	57
62	11	57	64
62	12	65	69
62	13	69	70
62	14	71	79
62	15	80	90
62	16	90	91
62	17	92	96
62	18	96	97
62	19	98	107
62	20	107	108
62	21	109	111
62	22	111	112
62	23	113	117
62	24	117	118
63	1	0	3
63	2	4	6
63	3	7	10
63	4	11	13
63	5	14	22
63	6	23	27
63	7	28	35
63	8	36	39
63	9	40	49
63	10	50	54
63	11	55	56
63	12	57	69
63	13	69	70
63	14	70	81
63	15	82	89
63	16	90	91
63	17	91	97
63	18	98	101
63	19	102	105
63	20	106	110
63	21	110	111
63	22	112	118
63	23	119	123
63	24	124	127
63	25	128	134
63	26	134	135
64	1	0	4
64	2	5	11
64	3	11	12
64	4	12	16
64	5	17	22
64	6	23	27
64	7	28	32
64	8	33	35
64	9	36	47
64	10	47	48
64	11	48	57
64	12	58	71
64	13	72	76
64	14	77	81
64	15	82	84
64	16	85	88
64	17	89	100
64	18	100	101
64	19	102	116
64	20	117	118
64	21	118	119
64	22	120	121
64	23	122	126
64	24	126	127
64	25	128	132
64	26	132	133
64	27	134	135
64	28	135	139
64	29	139	140
64	30	141	143
64	31	144	151
64	32	152	161
64	33	162	165
64	34	166	182
64	35	183	184
64	36	184	188
64	37	188	189
64	38	190	192
64	39	193	198
64	40	199	207
64	41	207	208
64	42	209	217
64	43	218	227
64	44	228	230
64	45	231	234
64	46	235	240
64	47	241	245
64	48	245	246
65	1	0	4
65	2	5	10
65	3	11	18
65	4	19	20
65	5	21	29
65	6	30	34
65	7	35	47
65	8	48	56
65	9	57	61
65	10	62	68
65	11	69	74
65	12	75	78
65	13	79	85
65	14	86	88
65	15	89	95
65	16	96	105
65	17	106	118
65	18	119	122
65	19	123	124
65	20	125	132
65	21	133	138
65	22	139	146
65	23	147	149
65	24	150	153
65	25	154	157
65	26	157	158
65	27	158	161
65	28	162	164
65	29	165	168
65	30	169	170
65	31	170	171
65	32	172	176
65	33	177	181
65	34	182	184
65	35	185	187
65	36	188	192
65	37	192	193
66	1	0	4
66	2	5	8
66	3	9	17
66	4	18	20
66	5	21	31
66	6	32	46
66	7	47	54
66	8	55	57
66	9	58	66
66	10	66	67
66	11	68	85
66	12	86	89
66	13	90	101
66	14	102	105
66	15	106	112
66	16	113	117
66	17	118	119
66	18	119	121
66	19	121	122
66	20	123	131
66	21	131	132
66	22	132	133
67	1	0	4
67	2	5	18
67	3	19	21
67	4	22	25
67	5	26	32
67	6	33	35
67	7	36	39
67	8	40	41
67	9	41	42
67	10	43	46
67	11	47	49
67	12	50	51
67	13	52	54
67	14	55	58
67	15	58	59
67	16	60	69
67	17	70	79
67	18	80	83
67	19	84	94
67	20	95	97
67	21	98	103
67	22	104	115
67	23	116	120
67	24	121	123
67	25	124	125
67	26	125	127
67	27	127	128
67	28	128	129
68	1	0	1
68	2	2	7
68	3	8	17
68	4	18	20
68	5	21	25
68	6	26	27
68	7	27	28
68	8	29	31
68	9	32	33
68	10	34	38
68	11	39	46
68	12	47	51
68	13	52	53
68	14	54	58
68	15	59	61
68	16	62	64
68	17	64	65
68	18	65	67
68	19	68	69
68	20	69	70
68	21	70	71
68	22	71	72
68	23	72	74
68	24	74	75
68	25	75	76
68	26	77	80
68	27	81	83
68	28	84	85
68	29	86	89
68	30	90	92
68	31	93	96
68	32	97	106
68	33	107	109
68	34	110	120
68	35	121	127
68	36	128	136
68	37	136	137
69	1	0	14
69	2	15	16
69	3	16	19
69	4	19	20
69	5	21	24
69	6	25	29
69	7	30	32
69	8	33	34
69	9	35	41
69	10	42	47
69	11	48	55
69	12	56	59
69	13	60	65
69	14	66	69
69	15	70	73
69	16	74	85
69	17	86	88
69	18	89	94
69	19	95	97
69	20	98	105
69	21	106	109
69	22	110	124
69	23	125	127
69	24	128	133
69	25	134	141
69	26	141	142
70	1	0	4
70	2	5	7
70	3	8	11
70	4	11	12
70	5	13	17
70	6	18	21
70	7	22	26
70	8	27	31
70	9	32	40
70	10	41	45
70	11	46	47
70	12	48	54
70	13	55	56
70	14	56	61
70	15	62	66
70	16	67	74
70	17	74	75
70	18	75	76
71	1	0	3
71	2	4	7
71	3	8	11
71	4	12	18
71	5	18	19
71	6	19	26
71	7	27	31
71	8	32	35
71	9	36	40
71	10	41	43
71	11	44	47
71	12	48	52
71	13	53	57
71	14	58	66
71	15	67	69
71	16	70	71
71	17	72	79
71	18	80	89
71	19	90	92
71	20	93	97
71	21	98	99
71	22	99	100
71	23	101	103
71	24	104	107
71	25	108	111
71	26	112	113
71	27	114	115
71	28	115	116
71	29	117	122
71	30	123	125
71	31	126	128
71	32	129	132
71	33	133	137
71	34	138	147
71	35	148	150
71	36	151	158
71	37	159	162
71	38	163	171
71	39	172	174
71	40	175	178
71	41	179	188
71	42	188	189
72	1	0	4
72	2	5	8
72	3	9	21
72	4	22	28
72	5	29	36
72	6	37	41
72	7	42	45
72	8	46	49
72	9	50	55
72	10	56	59
72	11	60	65
72	12	66	68
72	13	69	73
72	14	74	75
72	15	75	76
72	16	77	79
72	17	80	83
72	18	84	87
72	19	88	89
72	20	90	91
72	21	91	92
73	1	0	4
73	2	5	8
73	3	9	16
73	4	17	23
73	5	24	31
73	6	32	36
73	7	37	40
73	8	41	46
73	9	47	51
73	10	52	54
73	11	55	58
73	12	59	63
73	13	64	67
73	14	68	73
73	15	74	76
73	16	77	81
73	17	82	83
73	18	83	84
73	19	85	87
73	20	88	91
73	21	92	95
73	22	96	97
73	23	98	99
73	24	99	100
74	1	0	3
74	2	4	11
74	3	12	21
74	4	22	26
74	5	27	29
74	6	30	33
74	7	34	38
74	8	39	42
74	9	43	47
74	10	48	51
74	11	52	53
74	12	53	56
74	13	57	58
74	14	59	62
74	15	63	65
74	16	65	66
74	17	66	67
75	1	0	2
75	2	3	8
75	3	9	13
75	4	14	15
75	5	16	21
75	6	22	28
75	7	29	31
75	8	32	34
75	9	35	40
75	10	41	44
75	11	45	49
75	12	50	52
75	13	53	60
75	14	61	70
75	15	71	73
75	16	74	78
75	17	79	82
75	18	83	89
75	19	90	93
75	20	94	97
75	21	98	106
75	22	107	112
75	23	113	116
75	24	117	125
75	25	126	136
75	26	137	144
75	27	144	145
76	1	0	3
76	2	4	9
76	3	10	14
76	4	15	21
76	5	22	24
76	6	25	26
76	7	27	35
76	8	36	43
76	9	44	51
76	10	52	54
76	11	55	58
76	12	59	62
76	13	63	66
76	14	67	68
76	15	68	69
76	16	69	70
76	17	71	74
76	18	75	80
76	19	81	85
76	20	86	89
76	21	90	93
76	22	94	98
76	23	99	103
76	24	104	107
76	25	108	110
76	26	110	111
76	27	112	119
76	28	120	123
76	29	124	131
76	30	132	138
76	31	139	141
76	32	142	144
76	33	145	148
76	34	149	153
76	35	153	154
77	1	0	3
77	2	4	8
77	3	8	9
77	4	9	13
77	5	14	19
77	6	20	24
77	7	25	34
77	8	35	39
77	9	40	42
77	10	43	50
77	11	51	55
77	12	56	68
77	13	68	69
77	14	69	80
77	15	81	83
77	16	84	92
77	17	93	96
77	18	97	104
77	19	105	107
77	20	108	111
77	21	112	116
77	22	117	121
77	23	122	125
77	24	126	129
77	25	130	131
77	26	131	135
77	27	136	143
77	28	144	151
77	29	151	152
77	30	153	155
77	31	156	159
77	32	160	161
77	33	161	162
77	34	163	167
77	35	168	173
77	36	174	176
77	37	177	182
77	38	183	184
77	39	184	185
77	40	186	193
77	41	194	196
77	42	197	198
77	43	199	201
77	44	202	206
77	45	207	211
77	46	211	212
78	1	0	3
78	2	4	11
78	3	12	19
78	4	20	23
78	5	24	34
78	6	35	37
78	7	38	41
78	8	42	50
78	9	51	58
78	10	59	63
78	11	64	71
78	12	72	75
78	13	76	85
78	14	86	90
78	15	91	93
78	16	94	97
78	17	98	102
78	18	103	104
78	19	104	108
78	20	109	112
78	21	112	114
78	22	115	116
78	23	116	117
79	1	0	7
79	2	8	11
79	3	12	22
79	4	23	26
79	5	26	27
80	1	0	16
80	2	17	33
80	3	34	37
80	4	38	44
80	5	45	47
80	6	48	61
80	7	62	76
80	8	77	78
80	9	78	79
80	10	80	81
80	11	82	86
80	12	86	87
80	13	88	92
80	14	93	96
80	15	97	101
80	16	101	102
80	17	103	107
80	18	108	116
80	19	117	119
80	20	120	125
80	21	125	126
80	22	127	131
80	23	131	132
80	24	132	144
80	25	145	152
80	26	152	153
81	1	0	2
81	2	3	11
81	3	12	18
81	4	19	23
81	5	24	32
81	6	32	33
82	1	0	1
82	2	2	13
82	3	14	18
82	4	19	27
82	5	28	31
82	6	32	36
82	7	37	42
82	8	43	46
82	9	47	57
82	10	57	58
82	11	58	62
82	12	63	72
82	13	72	73
82	14	74	81
82	15	82	83
82	16	84	95
82	17	96	100
82	18	101	103
82	19	104	108
82	20	109	111
82	21	112	115
82	22	116	117
82	23	118	119
82	24	120	124
82	25	125	128
82	26	129	130
82	27	131	132
82	28	133	137
82	29	137	138
82	30	139	144
82	31	145	148
82	32	149	150
82	33	151	152
82	34	153	156
82	35	157	160
82	36	161	165
82	37	166	169
82	38	170	175
82	39	176	178
82	40	178	179
83	1	0	3
83	2	4	14
83	3	15	18
83	4	19	27
83	5	28	30
83	6	31	35
83	7	36	47
83	8	48	49
83	9	49	51
83	10	51	52
83	11	53	55
83	12	56	59
83	13	60	65
83	14	66	75
83	15	76	79
83	16	80	85
83	17	86	88
83	18	89	95
83	19	96	97
83	20	97	98
84	1	0	8
84	2	9	14
84	3	15	18
84	4	19	27
84	5	28	30
84	6	31	40
84	7	41	46
84	8	46	47
84	9	48	53
84	10	54	72
84	11	73	76
84	12	77	93
84	13	94	102
84	14	103	104
84	15	105	119
84	16	120	127
84	17	128	130
84	18	131	132
84	19	133	143
84	20	143	144
84	21	144	148
84	22	149	158
84	23	159	163
84	24	164	167
84	25	168	170
84	26	171	178
84	27	179	181
84	28	182	183
84	29	184	189
84	30	190	194
84	31	195	199
84	32	200	204
84	33	205	207
84	34	208	209
84	35	210	214
84	36	215	216
84	37	217	220
84	38	221	223
84	39	224	225
84	40	226	230
84	41	231	232
84	42	233	236
84	43	237	238
84	44	239	240
84	45	241	245
84	46	246	249
84	47	250	254
84	48	254	255
84	49	256	268
84	50	268	269
85	1	0	1
85	2	2	9
85	3	10	15
85	4	16	19
85	5	20	29
85	6	30	32
85	7	33	39
85	8	40	43
85	9	44	50
85	10	51	59
85	11	60	63
85	12	64	69
85	13	70	75
85	14	76	78
85	15	79	84
85	16	85	96
85	17	96	97
86	1	0	1
86	2	2	5
86	3	6	13
86	4	14	17
86	5	18	27
86	6	28	30
86	7	31	33
86	8	34	37
86	9	38	41
86	10	42	58
86	11	59	67
86	12	68	70
86	13	71	76
86	14	77	79
86	15	80	86
86	16	87	89
86	17	89	90
87	1	0	3
87	2	4	12
87	3	13	15
87	4	16	20
87	5	21	35
87	6	36	41
87	7	42	43
87	8	43	48
87	9	49	51
87	10	52	58
87	11	59	61
87	12	61	62
87	13	63	71
87	14	72	74
87	15	75	83
87	16	84	85
87	17	86	96
87	18	97	101
87	19	102	106
87	20	107	111
87	21	112	119
87	22	120	121
87	23	122	131
87	24	131	132
87	25	133	135
87	26	136	137
87	27	138	139
87	28	140	141
87	29	142	143
87	30	144	146
87	31	146	147
87	32	148	149
87	33	150	151
87	34	152	155
87	35	155	156
88	1	0	3
88	2	4	7
88	3	8	19
88	4	20	23
88	5	24	26
88	6	27	34
88	7	35	37
88	8	38	41
88	9	42	44
88	10	44	45
88	11	45	48
88	12	49	54
88	13	55	60
88	14	61	62
88	15	62	65
88	16	66	69
88	17	69	70
88	18	70	71
88	19	72	75
88	20	76	79
88	21	80	87
88	22	88	97
88	23	98	101
88	24	102	109
88	25	110	112
88	26	113	114
88	27	115	120
88	28	121	128
88	29	129	132
88	30	133	149
88	31	150	154
88	32	154	155
89	1	0	2
89	2	3	7
89	3	8	13
89	4	13	14
89	5	15	17
89	6	18	23
89	7	24	27
89	8	28	35
89	9	36	38
89	10	39	41
89	11	42	43
89	12	43	44
89	13	44	45
89	14	45	48
89	15	48	49
89	16	49	52
89	17	52	53
89	18	54	59
89	19	59	60
89	20	61	63
89	21	64	67
89	22	68	70
89	23	71	76
89	24	77	80
89	25	81	92
89	26	93	95
89	27	96	102
89	28	103	105
89	29	106	108
89	30	109	110
89	31	110	115
89	32	115	116
89	33	117	120
89	34	121	123
89	35	124	125
89	36	125	130
89	37	130	131
89	38	131	132
89	39	132	133
89	40	134	143
89	41	144	147
89	42	148	151
89	43	152	158
89	44	159	164
89	45	165	167
89	46	168	170
89	47	171	173
89	48	174	175
89	49	175	176
89	50	176	177
89	51	177	182
89	52	182	183
89	53	183	184
89	54	185	187
89	55	188	190
89	56	191	193
89	57	194	195
89	58	195	200
89	59	200	201
89	60	202	205
89	61	206	208
89	62	209	211
89	63	212	214
89	64	215	216
89	65	216	217
89	66	217	218
89	67	218	223
89	68	223	224
89	69	224	225
89	70	225	226
89	71	227	232
89	72	232	233
90	1	0	5
90	2	6	16
90	3	17	19
90	4	20	23
90	5	24	29
90	6	30	39
90	7	40	47
90	8	48	50
90	9	51	53
90	10	54	57
90	11	58	60
90	12	61	63
90	13	64	66
90	14	67	70
90	15	71	73
90	16	74	79
90	17	79	80
90	18	81	83
90	19	84	87
90	20	88	95
90	21	96	100
90	22	101	103
90	23	104	109
90	24	110	113
90	25	114	120
90	26	121	123
90	27	124	129
90	28	129	130
91	1	0	3
91	2	4	13
91	3	14	21
91	4	22	25
91	5	26	29
91	6	30	35
91	7	36	41
91	8	42	44
91	9	45	51
91	10	52	57
91	11	58	62
91	12	63	67
91	13	68	75
91	14	75	76
92	1	0	3
92	2	4	6
92	3	6	7
92	4	8	11
92	5	12	21
92	6	22	29
92	7	30	34
92	8	35	39
92	9	40	49
92	10	49	50
93	1	0	7
93	2	7	8
93	3	9	12
93	4	13	15
93	5	16	19
93	6	20	22
93	7	23	25
93	8	26	30
93	9	31	32
93	10	33	44
93	11	45	51
93	12	52	62
93	13	62	63
93	14	64	66
93	15	67	76
93	16	77	79
93	17	80	85
93	18	86	87
93	19	87	88
93	20	89	102
93	21	103	105
93	22	106	107
93	23	108	113
93	24	114	115
93	25	116	117
93	26	118	126
93	27	126	127
93	28	128	132
93	29	132	133
93	30	134	136
93	31	137	139
93	32	140	142
93	33	143	151
93	34	152	153
93	35	154	170
93	36	171	178
93	37	179	202
93	38	203	207
93	39	208	211
93	40	212	215
93	41	216	226
93	42	226	227
94	1	0	6
94	2	7	9
94	3	10	21
94	4	22	25
94	5	26	34
94	6	35	37
94	7	38	41
94	8	42	45
94	9	46	49
94	10	50	53
94	11	54	56
94	12	57	64
94	13	64	65
95	1	0	5
95	2	6	7
95	3	8	13
95	4	14	17
95	5	18	23
95	6	24	34
95	7	35	45
95	8	46	49
95	9	50	61
95	10	62	69
95	11	69	70
96	1	0	6
96	2	7	11
96	3	12	23
96	4	24	33
96	5	34	37
96	6	38	40
96	7	41	45
96	8	46	49
96	9	50	54
96	10	55	58
96	11	59	62
96	12	62	63
96	13	63	69
96	14	69	70
96	15	71	81
96	16	81	82
96	17	83	86
96	18	86	87
96	19	87	93
96	20	93	94
96	21	95	104
96	22	104	105
96	23	106	114
96	24	114	115
96	25	115	121
96	26	121	122
96	27	123	132
96	28	133	136
96	29	137	145
96	30	145	146
96	31	146	152
96	32	152	153
96	33	154	164
96	34	164	165
97	1	0	3
97	2	4	14
97	3	15	24
97	4	25	31
97	5	32	35
97	6	36	44
97	7	44	45
97	8	45	47
97	9	48	55
97	10	56	59
97	11	60	64
97	12	65	70
97	13	71	73
97	14	74	83
97	15	84	85
97	16	85	86
97	17	87	94
97	18	95	98
97	19	99	104
97	20	105	111
97	21	112	116
97	22	117	124
97	23	125	128
97	24	129	142
97	25	143	150
97	26	150	151
97	27	152	154
97	28	155	164
97	29	165	166
97	30	166	167
97	31	168	170
97	32	171	180
97	33	181	190
97	34	190	191
97	35	192	195
97	36	196	199
97	37	200	205
97	38	206	214
97	39	214	215
97	40	215	217
97	41	218	225
97	42	226	234
97	43	235	237
97	44	238	250
97	45	251	257
97	46	257	258
97	47	259	268
97	48	269	270
97	49	270	271
97	50	272	282
97	51	283	292
97	52	293	302
97	53	303	312
97	54	312	313
98	1	0	9
98	2	9	10
98	3	11	16
98	4	17	19
98	5	20	22
98	6	23	34
98	7	35	37
98	8	38	43
98	9	44	45
98	10	45	50
98	11	50	51
98	12	52	55
98	13	56	61
98	14	62	63
98	15	63	68
98	16	68	69
98	17	70	79
98	18	79	80
98	19	81	86
98	20	87	90
98	21	91	107
98	22	108	119
98	23	120	122
98	24	123	126
98	25	127	131
98	26	132	136
98	27	137	144
98	28	145	153
98	29	154	157
98	30	158	171
98	31	172	174
98	32	175	176
98	33	177	183
98	34	184	202
98	35	203	205
98	36	206	212
98	37	213	221
98	38	222	228
98	39	229	235
98	40	236	240
98	41	241	246
98	42	247	249
98	43	250	252
98	44	253	260
98	45	260	261
99	1	0	5
99	2	6	17
99	3	18	20
99	4	21	24
99	5	25	35
99	6	36	40
99	7	41	48
99	8	49	53
99	9	54	57
99	10	58	65
99	11	66	69
99	12	70	77
99	13	78	79
99	14	80	86
99	15	87	96
99	16	97	102
99	17	103	107
99	18	108	111
99	19	111	112
100	1	0	8
100	2	9	13
100	3	14	16
100	4	17	23
100	5	24	26
100	6	27	36
100	7	37	42
100	8	43	45
100	9	46	48
100	10	48	49
100	11	50	56
100	12	57	59
100	13	60	63
100	14	64	73
100	15	74	84
100	16	85	87
100	17	88	91
100	18	91	92
100	19	93	95
100	20	96	119
100	21	120	130
100	22	131	133
100	23	134	138
100	24	139	143
100	25	144	146
100	26	147	154
100	27	155	162
100	28	163	165
100	29	166	171
100	30	172	174
100	31	175	177
100	32	177	178
100	33	179	183
100	34	184	187
100	35	188	198
100	36	199	201
100	37	202	203
100	38	204	208
100	39	209	215
100	40	216	234
100	41	235	240
100	42	241	245
100	43	246	248
100	44	249	256
100	45	257	266
100	46	267	272
100	47	273	275
100	48	276	283
100	49	284	286
100	50	287	290
100	51	291	296
100	52	297	300
100	53	301	305
100	54	306	308
100	55	309	312
100	56	313	322
100	57	322	323
101	1	0	9
101	2	9	10
101	3	11	14
101	4	15	25
101	5	26	28
101	6	29	41
101	7	42	46
101	8	47	48
101	9	48	50
101	10	50	51
101	11	52	56
101	12	57	59
101	13	60	63
101	14	64	69
101	15	70	75
101	16	76	83
101	17	84	87
101	18	88	91
101	19	92	96
101	20	96	97
101	21	97	103
101	22	104	114
101	23	115	117
101	24	118	121
101	25	122	126
101	26	127	131
101	27	131	132
101	28	132	139
101	29	139	140
101	30	141	143
101	31	144	152
101	32	152	153
101	33	154	162
101	34	163	164
101	35	165	170
101	36	171	173
101	37	174	177
101	38	178	185
101	39	186	189
101	40	190	194
101	41	195	202
101	42	202	203
101	43	204	208
101	44	209	213
101	45	214	217
101	46	218	220
101	47	221	224
101	48	224	225
102	1	0	2
102	2	3	6
102	3	7	18
102	4	19	21
102	5	22	27
102	6	28	31
102	7	32	42
102	8	43	52
102	9	53	55
102	10	56	59
102	11	60	78
102	12	79	81
102	13	82	85
102	14	86	93
102	15	94	104
102	16	105	107
102	17	108	109
102	18	110	114
102	19	114	115
102	20	116	121
102	21	122	125
102	22	126	138
102	23	139	141
102	24	142	144
102	25	145	152
102	26	153	164
102	27	164	165
102	28	165	174
102	29	175	178
102	30	179	189
102	31	190	192
102	32	193	196
102	33	196	197
102	34	198	201
102	35	201	202
102	36	203	206
102	37	207	210
102	38	211	214
102	39	215	216
102	40	216	217
102	41	217	218
103	1	0	2
103	2	3	6
103	3	7	8
103	4	8	9
103	5	10	13
103	6	14	19
103	7	19	20
103	8	21	24
103	9	25	28
103	10	29	33
103	11	34	39
103	12	40	42
103	13	43	50
103	14	51	53
103	15	54	55
103	16	56	62
103	17	62	63
103	18	63	68
103	19	69	79
103	20	80	84
103	21	85	89
103	22	89	90
104	1	0	4
104	2	5	8
104	3	9	16
104	4	17	21
104	5	22	25
104	6	26	39
104	7	40	42
104	8	43	46
104	9	47	61
104	10	62	73
104	11	74	81
104	12	82	86
104	13	87	90
104	14	91	99
104	15	100	102
104	16	103	106
104	17	107	111
104	18	112	116
104	19	117	122
104	20	123	126
104	21	127	138
104	22	138	139
104	23	140	143
104	24	144	148
104	25	148	149
104	26	149	160
104	27	161	168
104	28	169	179
104	29	180	184
104	30	185	192
104	31	193	195
104	32	196	199
104	33	200	205
104	34	206	211
104	35	212	217
104	36	217	218
104	37	219	224
104	38	225	227
104	39	228	233
104	40	234	238
104	41	239	246
104	42	247	249
104	43	250	252
104	44	253	254
104	45	254	255
104	46	255	256
104	47	256	259
104	48	259	260
104	49	260	263
104	50	263	264
104	51	264	265
104	52	265	266
104	53	267	276
104	54	276	277
104	55	278	280
104	56	281	284
104	57	285	287
104	58	288	299
104	59	300	302
104	60	303	309
104	61	310	314
104	62	315	318
104	63	319	321
104	64	322	323
104	65	323	328
104	66	328	329
104	67	330	335
104	68	336	339
104	69	340	341
104	70	342	348
104	71	349	353
104	72	354	356
104	73	357	363
104	74	364	368
104	75	369	371
104	76	372	374
104	77	375	376
104	78	376	377
104	79	377	378
104	80	378	383
104	81	383	384
104	82	384	385
105	1	0	3
105	2	4	13
105	3	14	20
105	4	21	24
105	5	25	28
105	6	29	35
105	7	36	39
105	8	40	44
105	9	45	52
105	10	52	53
105	11	54	61
105	12	62	63
105	13	64	70
105	14	71	81
105	15	82	84
105	16	85	96
105	17	97	106
105	18	106	107
106	1	0	3
106	2	4	5
106	3	6	12
106	4	13	16
106	5	17	18
106	6	19	20
106	7	21	29
106	8	29	30
106	9	31	32
106	10	33	34
106	11	35	43
106	12	43	44
106	13	45	46
106	14	47	48
106	15	49	57
106	16	58	61
106	17	62	63
106	18	64	65
106	19	66	74
106	20	75	77
106	21	78	81
106	22	81	82
106	23	83	86
106	24	86	87
106	25	88	91
106	26	92	95
106	27	96	99
106	28	100	101
106	29	101	102
106	30	102	103
106	31	104	116
106	32	116	117
107	1	0	6
107	2	7	9
107	3	10	21
107	4	22	25
107	5	26	34
107	6	35	37
107	7	38	41
107	8	42	45
107	9	46	49
107	10	50	53
107	11	54	57
107	12	58	59
107	13	59	60
107	14	61	68
107	15	68	69
108	1	0	3
108	2	4	13
108	3	14	24
108	4	25	30
108	5	31	35
108	6	36	39
108	7	40	46
108	8	47	56
108	9	57	65
108	10	66	68
108	11	69	77
108	12	78	81
108	13	82	89
108	14	90	98
108	15	99	101
108	16	102	109
108	17	110	114
108	18	115	118
108	19	119	122
108	20	123	133
108	21	133	134
109	1	0	5
109	2	6	7
109	3	8	13
109	4	14	17
109	5	18	23
109	6	24	34
109	7	35	45
109	8	45	46
109	9	47	58
109	10	59	66
109	11	67	70
109	12	71	74
109	13	75	79
109	14	80	91
109	15	92	101
109	16	102	110
109	17	111	115
109	18	116	119
109	19	120	122
109	20	123	126
109	21	127	128
109	22	128	129
109	23	130	133
109	24	134	138
109	25	138	139
110	1	0	2
110	2	3	11
110	3	11	12
110	4	13	16
110	5	17	18
110	6	18	23
110	7	23	24
110	8	24	25
110	9	25	26
110	10	27	36
110	11	37	43
110	12	44	50
110	13	51	53
110	14	54	65
110	15	66	75
110	16	75	76
111	1	0	6
111	2	7	9
111	3	10	18
111	4	19	22
111	5	23	30
111	6	31	40
111	7	41	43
111	8	44	47
111	9	48	52
111	10	53	57
111	11	58	68
111	12	68	69
111	13	70	77
111	14	78	81
111	15	82	92
111	16	93	97
111	17	98	99
111	18	100	103
111	19	103	104
111	20	104	115
111	21	116	126
111	22	127	141
111	23	142	144
111	24	145	148
111	25	149	153
111	26	153	154
111	27	154	165
111	28	166	172
111	29	172	173
111	30	173	178
111	31	179	187
111	32	187	188
112	1	0	2
112	2	3	5
112	3	6	10
112	4	11	13
112	5	14	19
112	6	20	25
112	7	25	26
112	8	27	30
112	9	31	43
112	10	44	56
112	11	57	65
112	12	66	70
112	13	71	74
112	14	75	85
112	15	86	97
112	16	98	103
112	17	104	109
112	18	110	112
112	19	113	116
112	20	117	118
112	21	118	119
112	22	119	120
113	1	0	4
113	2	5	18
113	3	19	22
113	4	23	27
113	5	28	37
113	6	38	40
113	7	41	44
113	8	45	61
113	9	62	72
113	10	72	73
113	11	74	79
113	12	80	88
113	13	89	90
113	14	91	101
113	15	101	102
113	16	102	104
113	17	104	105
113	18	105	110
113	19	111	121
113	20	122	124
113	21	125	126
113	22	127	139
113	23	140	146
113	24	147	158
113	25	159	164
113	26	165	166
113	27	166	169
113	28	169	170
113	29	170	173
113	30	174	175
113	31	175	176
113	32	176	177
113	33	178	182
113	34	182	183
114	1	0	6
114	2	7	9
114	3	10	15
114	4	16	19
114	5	20	29
114	6	30	32
114	7	33	36
114	8	37	43
114	9	44	57
114	10	58	60
114	11	61	64
114	12	65	75
114	13	75	76
114	14	77	82
114	15	83	94
114	16	95	104
114	17	105	109
114	18	110	121
114	19	121	122
114	20	123	127
114	21	128	137
114	22	138	139
114	23	140	145
114	24	146	152
114	25	153	155
114	26	156	162
114	27	163	172
114	28	173	175
114	29	176	179
114	30	180	187
114	31	188	198
114	32	199	201
114	33	202	203
114	34	204	208
114	35	208	209
114	36	210	218
114	37	219	222
114	38	223	232
114	39	233	235
114	40	236	241
114	41	242	248
114	42	249	255
114	43	256	259
114	44	260	265
114	45	265	266
115	1	0	2
115	2	3	6
115	3	7	12
115	4	13	17
115	5	17	18
115	6	19	25
115	7	26	28
115	8	29	37
115	9	38	41
115	10	42	49
115	11	50	59
115	12	60	62
115	13	63	66
115	14	67	77
115	15	78	85
115	16	86	98
115	17	99	105
115	18	106	107
115	19	107	110
115	20	110	111
115	21	112	115
115	22	116	122
115	23	123	128
115	24	128	129
115	25	130	135
115	26	136	146
115	27	147	156
115	28	157	161
115	29	162	173
115	30	173	174
115	31	175	185
115	32	186	189
115	33	190	193
115	34	194	199
115	35	200	208
115	36	209	217
115	37	218	221
115	38	222	227
115	39	228	232
115	40	233	235
115	41	236	240
115	42	241	253
115	43	253	254
115	44	255	257
115	45	258	260
115	46	261	271
115	47	272	276
115	48	277	280
115	49	281	286
115	50	287	296
115	51	297	299
115	52	300	303
115	53	304	309
115	54	310	320
115	55	320	321
115	56	322	330
115	57	331	332
115	58	333	339
115	59	340	348
115	60	349	351
115	61	352	355
115	62	356	361
115	63	362	367
115	64	367	368
116	1	0	2
116	2	3	6
116	3	7	12
116	4	13	14
116	5	14	17
116	6	17	18
116	7	18	29
116	8	30	40
116	9	41	44
116	10	45	49
116	11	49	50
116	12	50	61
116	13	62	67
116	14	68	78
116	15	78	79
116	16	80	82
116	17	83	94
116	18	95	105
116	19	106	108
116	20	109	112
116	21	113	120
116	22	121	133
116	23	134	141
116	24	142	145
116	25	146	156
116	26	157	159
116	27	160	168
116	28	169	172
116	29	173	180
116	30	181	188
116	31	189	191
116	32	192	195
116	33	196	202
116	34	203	208
116	35	208	209
117	1	0	6
117	2	7	11
117	3	12	17
117	4	18	19
117	5	20	24
117	6	25	27
117	7	28	31
117	8	32	39
117	9	40	50
117	10	51	63
117	11	64	67
117	12	68	79
117	13	80	82
117	14	83	86
117	15	87	97
117	16	98	101
117	17	102	105
117	18	106	116
117	19	117	118
117	20	118	120
117	21	121	123
117	22	123	124
117	23	125	128
117	24	129	134
117	25	135	136
117	26	136	138
117	27	139	142
117	28	143	144
117	29	144	145
117	30	145	146
117	31	147	153
117	32	153	154
118	1	0	3
118	2	4	7
118	3	8	18
118	4	19	28
118	5	28	29
118	6	30	33
118	7	34	41
118	8	42	55
118	9	56	59
118	10	60	70
118	11	71	73
118	12	74	77
118	13	78	80
118	14	81	86
118	15	87	90
118	16	91	96
118	17	97	108
118	18	108	109
118	19	110	114
118	20	115	120
118	21	120	121
118	22	121	127
118	23	128	138
118	24	139	152
118	25	153	155
118	26	156	159
118	27	160	167
118	28	168	177
118	29	177	178
119	1	0	4
119	2	5	8
119	3	9	16
119	4	17	18
119	5	19	28
119	6	29	36
119	7	37	39
119	8	40	43
119	9	44	49
119	10	50	59
119	11	59	60
119	12	61	66
119	13	67	70
119	14	71	73
119	15	74	75
119	16	76	80
119	17	81	83
119	18	84	87
119	19	88	97
119	20	98	100
119	21	101	104
119	22	105	111
119	23	112	121
119	24	122	127
119	25	128	131
119	26	132	133
119	27	134	138
119	28	138	139
119	29	140	150
119	30	151	154
119	31	155	165
119	32	166	169
119	33	170	173
119	34	174	183
119	35	184	189
119	36	190	194
119	37	195	204
119	38	204	205
120	1	0	5
120	2	6	8
120	3	9	15
120	4	16	21
120	5	22	25
120	6	26	31
120	7	32	34
120	8	35	37
120	9	38	42
120	10	43	47
120	11	48	59
120	12	59	60
120	13	61	64
120	14	65	69
120	15	70	74
120	16	75	77
120	17	78	81
120	18	82	92
120	19	93	97
120	20	98	103
120	21	104	117
120	22	118	120
120	23	121	124
120	24	125	132
120	25	133	142
120	26	142	143
121	1	0	3
121	2	4	8
121	3	9	20
121	4	21	23
121	5	24	32
121	6	33	36
121	7	37	40
121	8	41	46
121	9	47	57
121	10	58	59
121	11	59	65
121	12	66	68
121	13	68	69
121	14	69	70
121	15	71	76
121	16	77	80
121	17	81	88
121	18	89	95
121	19	96	98
121	20	99	101
121	21	102	104
121	22	105	118
121	23	119	121
121	24	122	125
121	25	126	130
121	26	131	137
121	27	138	141
121	28	141	142
122	1	0	7
122	2	8	16
122	3	16	17
122	4	18	25
122	5	26	35
122	6	36	48
122	7	49	52
122	8	53	61
122	9	62	75
122	10	76	79
122	11	80	87
122	12	88	97
122	13	98	100
122	14	101	104
122	15	105	110
122	16	111	118
122	17	119	122
122	18	123	130
122	19	131	133
122	20	134	150
122	21	151	159
122	22	160	162
122	23	163	166
122	24	166	167
123	1	0	6
123	2	7	8
123	3	9	14
123	4	15	18
123	5	19	26
123	6	27	30
123	7	31	34
123	8	35	36
123	9	37	38
123	10	39	42
123	11	43	51
123	12	51	52
124	1	0	2
124	2	3	9
124	3	10	13
124	4	14	15
124	5	15	16
124	6	17	18
124	7	19	25
124	8	26	30
124	9	31	33
124	10	34	42
124	11	43	47
124	12	48	53
124	13	54	56
124	14	57	64
124	15	65	67
124	16	68	71
124	17	72	77
124	18	78	88
124	19	89	93
124	20	94	104
124	21	105	107
124	22	108	113
124	23	113	114
125	1	0	5
125	2	6	10
125	3	11	22
125	4	22	23
125	5	24	27
125	6	28	38
125	7	39	46
125	8	47	48
125	9	49	59
125	10	60	69
125	11	70	77
125	12	78	84
125	13	85	92
125	14	93	95
125	15	96	102
125	16	103	107
125	17	107	108
126	1	0	2
126	2	3	6
126	3	7	8
126	4	8	9
126	5	10	13
126	6	14	20
126	7	21	25
126	8	26	28
126	9	29	33
126	10	33	34
126	11	34	35
127	1	0	4
127	2	5	10
127	3	11	15
127	4	16	19
127	5	20	26
127	6	27	34
127	7	35	37
127	8	38	42
127	9	43	54
127	10	55	57
127	11	58	63
127	12	63	64
127	13	65	70
127	14	71	73
127	15	74	85
127	16	86	89
127	17	90	94
127	18	95	100
127	19	101	109
127	20	110	112
127	21	113	116
127	22	116	117
128	1	0	3
128	2	4	9
128	3	10	16
128	4	17	21
128	5	22	24
128	6	25	30
128	7	30	31
128	8	32	35
128	9	36	38
128	10	39	49
128	11	50	54
128	12	55	62
128	13	63	67
128	14	67	68
129	1	0	3
129	2	4	11
129	3	12	21
129	4	22	33
129	5	34	35
129	6	35	38
129	7	38	39
129	8	40	42
129	9	43	49
129	10	50	52
129	11	53	62
129	12	63	66
129	13	67	77
129	14	78	91
129	15	92	94
129	16	95	98
129	17	99	108
129	18	109	113
129	19	114	117
129	20	118	123
129	21	124	128
129	22	129	139
129	23	139	140
130	1	0	1
130	2	2	14
130	3	15	23
130	4	24	27
130	5	28	37
130	6	38	45
130	7	46	48
130	8	49	52
130	9	53	56
130	10	57	58
130	11	58	59
130	12	60	63
130	13	64	71
130	14	72	78
130	15	79	82
130	16	83	84
130	17	85	96
130	18	97	105
130	19	106	113
130	20	114	115
130	21	115	116
130	22	117	119
130	23	120	128
130	24	129	130
130	25	131	132
130	26	133	135
130	27	136	145
130	28	145	146
130	29	146	147
130	30	148	151
130	31	152	156
130	32	157	162
130	33	163	167
130	34	168	176
130	35	177	183
130	36	184	187
130	37	188	195
130	38	196	200
130	39	200	201
131	1	0	6
131	2	7	8
131	3	9	14
131	4	15	18
131	5	19	26
131	6	27	36
131	7	37	39
131	8	40	54
131	9	55	56
131	10	56	57
131	11	58	59
131	12	60	64
131	13	65	68
131	14	69	73
131	15	73	74
131	16	74	75
132	1	0	4
132	2	5	8
132	3	9	14
132	4	15	17
132	5	18	21
132	6	22	23
132	7	24	26
132	8	26	27
133	1	0	1
133	2	2	11
133	3	12	14
133	4	15	18
133	5	19	24
133	6	25	27
133	7	28	37
133	8	38	40
133	9	41	44
133	10	45	50
133	11	50	51
133	12	51	56
133	13	57	58
133	14	58	61
133	15	61	62
133	16	62	65
133	17	66	67
133	18	67	68
133	19	68	69
133	20	70	73
133	21	74	81
133	22	82	91
133	23	92	103
133	24	104	106
133	25	107	117
133	26	118	120
133	27	121	124
133	28	125	126
133	29	127	128
133	30	128	129
133	31	129	132
133	32	133	134
133	33	135	138
133	34	138	139
133	35	139	140
133	36	140	143
133	37	143	144
133	38	144	145
133	39	145	146
133	40	146	148
133	41	149	150
133	42	151	153
133	43	153	154
133	44	155	156
133	45	156	157
133	46	157	158
133	47	159	164
133	48	165	166
133	49	167	176
133	50	177	180
133	51	181	187
133	52	187	188
133	53	189	191
133	54	192	194
133	55	195	198
133	56	199	204
133	57	205	216
133	58	217	220
133	59	221	223
133	60	224	226
133	61	227	230
133	62	231	238
133	63	239	250
133	64	250	251
134	1	0	3
134	2	4	16
134	3	17	25
134	4	26	31
134	5	32	33
134	6	34	43
134	7	44	46
134	8	47	50
134	9	51	56
134	10	57	60
134	11	61	65
134	12	66	75
134	13	76	78
134	14	79	82
134	15	83	84
134	16	84	85
134	17	85	86
134	18	87	92
134	19	93	98
134	20	99	101
134	21	102	109
134	22	110	112
134	23	113	116
134	24	117	123
134	25	124	126
134	26	127	130
134	27	131	139
134	28	140	142
134	29	143	146
134	30	147	156
134	31	157	165
134	32	166	170
134	33	171	174
134	34	175	179
134	35	180	183
134	36	184	185
134	37	186	187
134	38	188	191
134	39	192	202
134	40	202	203
135	1	0	3
135	2	4	7
135	3	8	14
135	4	15	18
135	5	19	24
135	6	25	26
135	7	27	29
135	8	29	30
135	9	30	31
135	10	32	35
135	11	36	39
135	12	40	45
135	13	46	47
135	14	48	50
135	15	50	51
135	16	51	52
135	17	53	56
135	18	57	60
135	19	61	62
135	20	63	64
135	21	65	69
135	22	70	73
135	23	74	75
135	24	76	77
135	25	78	82
135	26	82	83
135	27	84	96
135	28	96	97
135	29	98	101
135	30	102	106
135	31	107	113
135	32	114	116
135	33	117	119
135	34	120	129
135	35	130	139
135	36	140	144
135	37	145	149
135	38	150	160
135	39	161	164
135	40	165	166
135	41	167	168
135	42	169	172
135	43	173	178
135	44	179	181
135	45	182	185
135	46	186	191
135	47	192	197
135	48	198	204
135	49	205	209
135	50	210	213
135	51	214	218
135	52	218	219
136	1	0	2
136	2	3	6
136	3	7	11
136	4	11	12
136	5	13	18
136	6	19	25
136	7	26	29
136	8	30	43
136	9	44	50
136	10	51	55
136	11	56	61
136	12	62	69
136	13	70	79
136	14	80	82
136	15	83	87
136	16	88	100
136	17	101	102
136	18	102	106
136	19	106	107
136	20	108	111
136	21	112	113
136	22	114	118
136	23	119	120
136	24	121	123
136	25	123	124
136	26	124	125
136	27	126	129
136	28	129	130
136	29	131	135
136	30	136	139
136	31	140	142
136	32	143	145
136	33	146	153
136	34	154	156
136	35	157	165
136	36	166	177
136	37	178	182
136	38	182	183
137	1	0	4
137	2	5	9
137	3	10	15
137	4	16	21
137	5	22	24
137	6	25	34
137	7	35	37
137	8	38	48
137	9	49	53
137	10	54	57
137	11	58	69
137	12	69	70
138	1	0	3
138	2	4	12
138	3	13	26
138	4	27	29
138	5	30	44
138	6	45	46
138	7	46	47
138	8	48	49
138	9	50	54
138	10	55	58
138	11	59	63
138	12	63	64
138	13	65	69
138	14	70	73
138	15	74	78
138	16	79	90
138	17	91	94
138	18	95	99
138	19	100	104
138	20	105	112
138	21	113	115
138	22	116	122
138	23	123	131
138	24	132	134
138	25	135	139
138	26	140	148
138	27	149	158
138	28	159	161
138	29	162	166
138	30	167	168
138	31	168	169
138	32	170	172
138	33	173	176
138	34	177	187
138	35	188	191
138	36	192	194
138	37	195	196
138	38	196	197
139	1	0	6
139	2	7	9
139	3	10	15
139	4	16	17
139	5	18	21
139	6	22	30
139	7	31	33
139	8	34	37
139	9	38	45
139	10	45	46
139	11	47	57
139	12	58	60
139	13	61	62
139	14	63	70
139	15	71	73
139	16	74	83
139	17	84	94
139	18	95	101
139	19	102	104
139	20	105	123
139	21	124	127
139	22	128	132
139	23	132	133
139	24	134	139
139	25	140	142
139	26	143	152
139	27	153	156
139	28	157	160
139	29	161	165
139	30	166	177
139	31	178	180
139	32	181	184
139	33	185	192
139	34	193	201
139	35	202	208
139	36	209	212
139	37	213	217
139	38	218	228
139	39	229	232
139	40	232	233
140	1	0	10
140	2	11	23
140	3	24	36
140	4	37	43
140	5	44	45
140	6	46	51
140	7	52	55
140	8	56	63
140	9	64	73
140	10	74	76
140	11	77	80
140	12	81	91
140	13	92	104
140	14	105	107
140	15	108	122
140	16	123	124
140	17	124	125
140	18	126	127
140	19	128	132
140	20	133	136
140	21	137	141
140	22	141	142
140	23	143	151
140	24	152	154
140	25	155	163
140	26	164	168
140	27	169	170
140	28	170	172
140	29	173	175
140	30	176	181
140	31	182	183
140	32	184	185
140	33	186	188
140	34	189	194
140	35	195	196
140	36	197	198
140	37	199	201
140	38	202	206
140	39	206	207
140	40	208	210
140	41	211	214
140	42	215	225
140	43	226	228
140	44	229	232
140	45	233	235
140	46	236	240
140	47	240	241
140	48	241	246
140	49	247	253
140	50	254	256
140	51	257	260
140	52	261	272
140	53	273	278
140	54	279	282
140	55	282	283
140	56	283	286
140	57	287	288
140	58	288	289
140	59	289	290
140	60	291	294
140	61	295	299
140	62	300	304
140	63	305	313
140	64	314	320
140	65	321	323
140	66	324	325
140	67	326	328
140	68	329	333
140	69	334	335
140	70	335	336
140	71	336	337
141	1	0	3
141	2	4	12
141	3	13	29
141	4	30	35
141	5	36	37
141	6	38	50
141	7	51	53
141	8	54	58
141	9	59	61
141	10	62	65
141	11	66	72
141	12	73	75
141	13	76	79
141	14	80	81
141	15	81	82
141	16	82	83
141	17	84	86
141	18	87	90
141	19	91	97
141	20	98	100
141	21	101	110
141	22	111	113
141	23	114	117
141	24	118	128
141	25	129	134
141	26	134	135
141	27	136	139
141	28	140	144
141	29	145	146
141	30	147	152
141	31	152	153
141	32	153	162
141	33	163	173
141	34	174	176
141	35	177	180
141	36	181	182
141	37	182	183
141	38	183	184
141	39	185	188
141	40	189	201
141	41	202	204
141	42	205	208
141	43	209	210
141	44	210	211
141	45	212	214
141	46	215	220
141	47	221	223
141	48	224	230
141	49	230	231
142	1	0	3
142	2	4	14
142	3	15	33
142	4	34	41
142	5	42	47
142	6	48	49
142	7	50	64
142	8	64	65
142	9	65	69
142	10	70	82
142	11	82	83
142	12	84	89
142	13	90	95
142	14	96	98
142	15	99	101
142	16	102	104
142	17	105	106
142	18	107	111
142	19	112	114
142	20	115	118
142	21	119	120
142	22	120	121
142	23	121	122
143	1	0	2
143	2	3	7
143	3	8	13
143	4	13	14
143	5	15	18
143	6	19	31
143	7	32	34
143	8	35	38
143	9	39	46
143	10	47	58
143	11	59	61
143	12	62	63
143	13	64	68
143	14	69	71
143	15	72	79
143	16	80	82
143	17	83	87
143	18	88	90
143	19	91	94
143	20	95	99
143	21	100	106
143	22	107	111
143	23	112	123
143	24	124	126
143	25	127	135
143	26	135	136
143	27	137	140
143	28	141	149
143	29	149	150
143	30	151	175
143	31	176	177
143	32	177	181
143	33	181	182
143	34	183	186
143	35	187	188
143	36	189	201
143	37	202	204
143	38	205	207
143	39	208	214
143	40	215	217
143	41	218	221
143	42	222	223
143	43	223	224
143	44	225	229
143	45	229	230
143	46	231	238
143	47	239	255
143	48	256	257
143	49	257	261
143	50	261	262
143	51	263	271
143	52	272	273
143	53	274	275
143	54	276	278
143	55	279	280
143	56	280	282
143	57	283	289
143	58	290	292
143	59	293	296
143	60	297	298
143	61	298	299
143	62	300	305
143	63	306	309
143	64	309	310
144	1	0	9
144	2	10	22
144	3	23	30
144	4	31	34
144	5	35	44
144	6	45	56
144	7	57	60
144	8	61	66
144	9	67	76
144	10	77	79
144	11	80	89
144	12	90	102
144	13	103	105
144	14	106	109
144	15	110	115
144	16	116	119
144	17	120	130
144	18	131	135
144	19	136	139
144	20	140	144
144	21	145	154
144	22	155	157
144	23	158	166
144	24	167	172
144	25	173	175
144	26	176	179
144	27	180	184
144	28	185	196
144	29	196	197
145	1	0	6
145	2	7	8
145	3	9	14
145	4	15	18
145	5	19	28
145	6	29	36
145	7	37	45
145	8	46	48
145	9	49	52
145	10	53	54
145	11	54	55
145	12	56	59
145	13	60	74
145	14	75	76
145	15	76	77
145	16	78	79
145	17	80	83
145	18	83	84
145	19	85	89
145	20	89	90
145	21	91	95
145	22	95	96
145	23	96	97
146	1	0	9
146	2	9	10
146	3	11	14
146	4	15	21
146	5	22	32
146	6	33	42
146	7	43	45
146	8	46	51
146	9	52	61
146	10	62	65
146	11	66	79
146	12	80	82
146	13	83	84
146	14	85	94
146	15	95	99
146	16	100	107
146	17	108	109
146	18	109	119
146	19	120	122
146	20	123	129
146	21	130	141
146	22	141	142
146	23	142	143
146	24	144	147
146	25	148	150
146	26	151	152
146	27	153	163
146	28	164	168
146	29	169	176
146	30	177	178
146	31	178	179
146	32	179	185
146	33	186	191
146	34	191	192
146	35	193	199
146	36	199	200
146	37	200	201
146	38	202	206
146	39	207	213
146	40	214	216
146	41	217	225
146	42	225	226
147	1	0	4
147	2	4	5
147	3	6	10
147	4	11	13
147	5	14	17
147	6	18	27
147	7	28	37
147	8	38	45
147	9	46	49
147	10	50	59
147	11	60	62
147	12	63	65
147	13	66	67
147	14	67	69
147	15	69	70
147	16	71	78
147	17	78	79
148	1	0	4
148	2	5	8
148	3	9	22
148	4	23	33
148	5	34	36
148	6	37	38
148	7	39	56
148	8	57	60
148	9	61	65
148	10	66	69
148	11	70	81
148	12	82	84
148	13	85	86
148	14	87	94
148	15	95	102
148	16	102	103
149	1	0	3
149	2	4	13
149	3	14	20
149	4	21	31
149	5	32	41
149	6	42	45
149	7	46	48
149	8	49	50
149	9	51	54
149	10	55	57
149	11	58	64
149	12	65	72
149	13	72	73
150	1	0	4
150	2	5	10
150	3	11	15
150	4	16	18
150	5	19	21
150	6	22	32
150	7	33	40
150	8	41	45
150	9	46	49
150	10	50	52
150	11	53	62
150	12	63	65
150	13	66	76
150	14	77	85
150	15	86	88
150	16	89	90
150	17	90	92
150	18	92	93
150	19	94	100
150	20	100	101
151	1	0	3
151	2	4	16
151	3	17	21
151	4	22	31
151	5	32	37
151	6	38	40
151	7	41	45
151	8	46	50
151	9	51	53
151	10	54	61
151	11	61	62
151	12	63	66
151	13	67	70
151	14	71	77
151	15	78	80
151	16	81	84
151	17	85	95
151	18	96	98
151	19	99	101
151	20	102	105
151	21	106	111
151	22	112	114
151	23	115	118
151	24	119	125
151	25	125	126
152	1	0	9
152	2	9	10
152	3	11	18
152	4	19	21
152	5	22	27
152	6	28	30
152	7	31	36
152	8	37	46
152	9	46	47
152	10	48	49
152	11	50	58
152	12	59	64
152	13	65	72
152	14	73	74
152	15	74	77
152	16	77	78
152	17	79	81
152	18	82	86
152	19	86	87
153	1	0	4
153	2	5	14
153	3	15	16
153	4	17	21
153	5	21	22
153	6	22	31
153	7	32	42
153	8	43	50
153	9	51	52
153	10	52	70
153	11	70	71
153	12	71	72
154	1	0	3
154	2	4	7
154	3	8	15
154	4	16	24
154	5	25	32
154	6	33	35
154	7	36	41
154	8	42	52
154	9	53	54
154	10	54	63
154	11	64	71
154	12	72	75
154	13	76	85
154	14	86	89
154	15	90	92
154	16	93	97
154	17	98	109
154	18	110	113
154	19	114	117
154	20	118	122
154	21	123	127
154	22	127	128
154	23	129	135
154	24	136	147
154	25	148	152
154	26	153	156
154	27	157	168
154	28	168	169
154	29	170	173
154	30	174	177
154	31	178	190
154	32	191	201
154	33	202	206
154	34	207	210
154	35	211	213
154	36	214	224
154	37	225	227
154	38	228	231
154	39	232	235
154	40	236	238
154	41	239	242
154	42	243	254
154	43	255	257
154	44	258	262
154	45	263	273
154	46	274	281
154	47	281	282
154	48	283	288
154	49	289	300
154	50	301	303
154	51	304	313
154	52	314	318
154	53	319	321
154	54	322	325
154	55	326	335
154	56	336	344
154	57	345	346
154	58	346	356
154	59	357	364
154	60	365	369
154	61	370	379
154	62	380	383
154	63	384	387
154	64	388	397
154	65	398	407
154	66	408	412
154	67	413	416
154	68	417	421
154	69	422	426
154	70	426	427
154	71	427	428
155	1	0	3
155	2	4	5
155	3	6	7
155	4	8	12
155	5	13	16
155	6	17	21
155	7	22	25
155	8	26	33
155	9	33	34
155	10	35	37
155	11	38	40
155	12	41	44
155	13	45	47
155	14	48	55
155	15	56	58
155	16	59	62
155	17	63	68
155	18	69	71
155	19	72	78
155	20	79	80
155	21	80	81
156	1	0	4
156	2	5	8
156	3	9	16
156	4	17	20
156	5	21	30
156	6	31	33
156	7	34	35
156	8	36	37
156	9	37	39
156	10	39	40
156	11	41	48
156	12	48	49
156	13	50	53
156	14	53	54
156	15	55	62
156	16	62	63
157	1	0	4
157	2	5	10
157	3	11	15
157	4	16	19
157	5	20	29
157	6	30	33
157	7	34	41
157	8	42	44
157	9	45	48
157	10	49	58
157	11	59	61
157	12	62	68
157	13	69	82
157	14	83	85
157	15	86	89
157	16	90	98
157	17	99	100
157	18	100	106
157	19	107	116
157	20	117	125
157	21	126	129
157	22	130	138
157	23	139	141
157	24	142	146
157	25	147	149
157	26	150	153
157	27	154	163
157	28	163	164
157	29	164	165
158	1	0	4
158	2	5	9
158	3	10	15
158	4	16	19
158	5	20	24
158	6	25	27
158	7	28	37
158	8	38	41
158	9	42	46
158	10	47	55
158	11	56	66
158	12	67	68
158	13	68	71
158	14	71	72
158	15	73	75
158	16	76	79
158	17	80	81
158	18	81	82
158	19	83	85
158	20	86	89
158	21	90	92
158	22	93	96
158	23	97	98
158	24	99	112
158	25	113	119
158	26	119	120
159	1	0	2
159	2	3	9
159	3	10	22
159	4	22	23
159	5	24	28
159	6	29	32
159	7	33	36
159	8	37	40
159	9	41	43
159	10	44	52
159	11	53	56
159	12	57	61
159	13	62	70
159	14	71	72
159	15	72	73
159	16	74	75
159	17	76	79
159	18	79	80
159	19	80	81
160	1	0	2
160	2	3	7
160	3	8	12
160	4	12	13
160	5	14	17
160	6	18	25
160	7	26	30
160	8	31	40
160	9	41	43
160	10	44	45
160	11	45	47
160	12	47	48
160	13	49	53
160	14	53	54
160	15	55	63
160	16	63	64
161	1	0	7
161	2	7	8
161	3	9	12
161	4	13	14
161	5	15	16
161	6	17	20
161	7	21	24
161	8	25	33
161	9	34	38
161	10	39	42
161	11	43	46
161	12	47	49
161	13	50	53
161	14	54	60
161	15	61	72
161	16	73	78
161	17	78	79
162	1	0	3
162	2	4	11
162	3	12	16
162	4	17	21
162	5	22	31
162	6	32	39
162	7	40	43
162	8	44	56
162	9	57	60
162	10	61	67
162	11	68	72
162	12	72	73
163	1	0	2
163	2	3	11
163	3	12	14
163	4	15	18
163	5	19	23
163	6	24	27
163	7	28	34
163	8	35	37
163	9	38	39
163	10	40	41
163	11	42	46
163	12	47	55
163	13	56	57
163	14	58	62
163	15	63	72
163	16	73	79
163	17	80	89
163	18	90	98
163	19	98	99
164	1	0	3
164	2	4	8
164	3	9	13
164	4	14	16
164	5	17	25
164	6	26	29
164	7	30	41
164	8	42	52
164	9	53	57
164	10	58	61
164	11	62	73
164	12	74	77
164	13	78	88
164	14	89	93
164	15	94	97
164	16	98	105
164	17	106	108
164	18	109	114
164	19	115	117
164	20	118	122
164	21	123	125
164	22	126	136
164	23	137	139
164	24	140	143
164	25	144	153
164	26	154	166
164	27	167	169
164	28	170	171
164	29	172	180
164	30	181	183
164	31	184	195
164	32	195	196
165	1	0	3
165	2	4	16
165	3	17	27
165	4	28	30
165	5	31	34
165	6	35	49
165	7	50	61
165	8	62	71
165	9	71	72
165	10	73	81
165	11	82	84
165	12	85	87
165	13	88	90
165	14	91	92
165	15	93	95
165	16	96	97
165	17	98	100
165	18	100	101
165	19	102	104
165	20	105	108
165	21	109	113
165	22	114	122
165	23	123	133
165	24	133	134
165	25	135	138
165	26	138	139
166	1	0	3
166	2	4	13
166	3	14	22
166	4	23	27
166	5	28	38
166	6	39	41
166	7	42	45
166	8	46	57
166	9	58	62
166	10	62	63
166	11	64	66
166	12	67	70
166	13	71	72
166	14	73	83
166	15	84	92
166	16	93	95
166	17	96	99
166	18	100	107
166	19	108	111
166	20	112	116
166	21	117	124
166	22	125	129
166	23	130	137
166	24	138	140
166	25	141	144
166	26	144	145
167	1	0	3
167	2	4	15
167	3	16	19
167	4	20	30
167	5	31	35
167	6	36	39
167	7	40	48
167	8	49	51
167	9	52	61
167	10	62	71
167	11	72	80
167	12	81	85
167	13	86	96
167	14	97	108
167	15	108	109
167	16	110	112
167	17	113	121
167	18	121	122
168	1	0	5
168	2	6	7
168	3	8	18
168	4	19	22
168	5	23	30
168	6	31	41
168	7	42	44
168	8	45	46
168	9	47	55
168	10	56	58
168	11	59	70
168	12	71	74
168	13	75	89
168	14	89	90
168	15	90	94
168	16	94	95
168	17	95	109
168	18	110	114
168	19	115	117
168	20	118	127
168	21	128	140
168	22	141	143
168	23	144	147
168	24	148	153
168	25	154	158
168	26	159	161
168	27	162	172
168	28	172	173
168	29	174	176
168	30	177	181
168	31	182	184
168	32	185	188
168	33	189	195
168	34	196	198
168	35	199	203
168	36	204	212
168	37	213	223
168	38	223	224
169	1	0	3
169	2	4	8
169	3	9	20
169	4	21	23
169	5	24	38
169	6	39	41
169	7	42	43
169	8	44	51
169	9	52	56
169	10	57	60
169	11	61	65
169	12	66	77
169	13	78	80
169	14	81	90
169	15	91	93
169	16	94	97
169	17	98	101
169	18	102	111
169	19	112	124
169	20	125	136
169	21	137	142
169	22	143	149
169	23	150	153
169	24	154	161
169	25	161	162
169	26	163	173
169	27	174	176
169	28	177	180
169	29	181	182
169	30	182	183
169	31	183	184
169	32	185	188
169	33	189	192
169	34	193	197
169	35	198	203
169	36	204	206
169	37	207	218
169	38	219	224
169	39	225	229
169	40	230	232
169	41	233	235
169	42	236	237
169	43	238	242
169	44	243	245
169	45	246	254
169	46	255	264
169	47	265	267
169	48	268	276
169	49	277	282
169	50	282	283
170	1	0	3
170	2	4	6
170	3	6	7
170	4	7	12
170	5	13	19
170	6	20	28
170	7	29	30
170	8	31	36
170	9	37	42
170	10	43	46
170	11	47	50
170	12	51	52
170	13	52	53
170	14	53	58
170	15	59	60
170	16	61	66
170	17	67	72
170	18	73	77
170	19	77	78
171	1	0	2
171	2	3	6
171	3	7	9
171	4	10	14
171	5	14	15
171	6	16	19
171	7	20	27
171	8	28	31
171	9	32	40
171	10	41	47
171	11	47	48
172	1	0	4
172	2	5	8
172	3	9	11
172	4	12	15
172	5	16	18
172	6	19	22
172	7	23	27
172	8	28	32
172	9	33	36
172	10	37	41
172	11	42	44
172	12	45	49
172	13	50	57
172	14	58	61
172	15	62	65
172	16	66	67
172	17	68	74
172	18	75	80
172	19	81	87
172	20	88	96
172	21	97	99
172	22	100	104
172	23	105	108
172	24	109	112
172	25	113	120
172	26	120	121
172	27	122	132
172	28	133	134
172	29	135	142
172	30	143	153
172	31	154	156
172	32	157	160
172	33	161	171
172	34	172	173
172	35	174	178
172	36	178	179
172	37	180	189
172	38	190	193
172	39	194	206
172	40	207	217
172	41	218	220
172	42	221	224
172	43	225	233
172	44	233	234
173	1	0	2
173	2	3	5
173	3	6	17
173	4	18	20
173	5	21	29
173	6	30	33
173	7	34	45
173	8	46	48
173	9	49	57
173	10	58	66
173	11	67	68
173	12	68	70
173	13	71	80
173	14	81	86
173	15	86	87
173	16	87	88
173	17	89	93
173	18	94	102
173	19	103	105
173	20	106	112
173	21	113	114
173	22	115	118
173	23	119	122
173	24	123	127
173	25	128	130
173	26	131	141
173	27	141	142
173	28	143	145
173	29	146	149
173	30	150	151
173	31	151	152
173	32	152	153
174	1	0	3
174	2	4	13
174	3	14	26
174	4	27	29
174	5	30	34
174	6	35	39
174	7	40	42
174	8	42	43
174	9	44	49
174	10	49	50
174	11	51	56
174	12	57	60
174	13	61	66
174	14	67	72
174	15	73	76
174	16	77	89
174	17	90	92
174	18	93	96
174	19	97	98
174	20	98	99
174	21	99	100
174	22	101	104
174	23	105	106
174	24	106	107
174	25	107	108
174	26	109	112
174	27	113	116
174	28	117	118
174	29	118	119
174	30	119	120
174	31	121	133
174	32	133	134
175	1	0	5
175	2	6	12
175	3	13	16
175	4	17	21
175	5	22	28
175	6	29	30
175	7	30	32
175	8	33	35
175	9	36	41
175	10	42	44
175	11	45	54
175	12	55	57
175	13	58	61
175	14	62	63
175	15	63	64
175	16	64	65
175	17	66	70
175	18	71	76
175	19	77	85
175	20	86	88
175	21	89	92
175	22	93	98
175	23	99	104
175	24	104	105
175	25	106	111
175	26	112	124
175	27	125	129
175	28	130	133
175	29	134	145
175	30	146	148
175	31	149	157
175	32	158	166
175	33	167	169
175	34	170	171
175	35	172	179
175	36	180	185
175	37	186	188
175	38	189	193
175	39	194	200
175	40	200	201
176	1	0	4
176	2	5	6
176	3	7	11
176	4	12	22
176	5	23	32
176	6	33	34
176	7	35	45
176	8	46	49
176	9	50	53
176	10	54	60
176	11	61	65
176	12	66	68
176	13	69	72
176	14	73	75
176	15	76	79
176	16	80	91
176	17	91	92
176	18	93	95
176	19	96	105
176	20	106	108
176	21	109	112
176	22	113	128
176	23	129	137
176	24	138	139
176	25	139	145
176	26	146	155
176	27	155	156
176	28	157	161
176	29	162	164
176	30	165	173
176	31	174	176
176	32	177	185
176	33	186	187
176	34	188	198
176	35	199	206
176	36	207	215
176	37	215	216
177	1	0	3
177	2	4	14
177	3	15	21
177	4	22	25
177	5	26	28
177	6	29	37
177	7	38	42
177	8	43	46
177	9	47	56
177	10	57	62
177	11	63	65
177	12	66	69
177	13	70	80
177	14	81	83
177	15	84	85
177	16	86	94
177	17	95	97
177	18	98	109
177	19	109	110
177	20	111	113
177	21	114	117
177	22	118	120
177	23	121	125
177	24	126	128
177	25	129	135
177	26	136	137
177	27	137	138
178	1	0	3
178	2	4	14
178	3	15	23
178	4	24	27
178	5	28	29
178	6	30	31
178	7	32	36
178	8	37	40
178	9	41	42
178	10	43	44
178	11	45	49
178	12	50	54
178	13	55	58
178	14	59	63
178	15	64	67
178	16	68	72
178	17	73	75
178	18	75	76
178	19	77	89
178	20	89	90
179	1	0	5
179	2	6	12
179	3	13	15
179	4	16	26
179	5	27	33
179	6	34	37
179	7	38	48
179	8	49	53
179	9	54	57
179	10	58	67
179	11	68	78
179	12	79	83
179	13	84	90
179	14	91	100
179	15	101	110
179	16	111	114
179	17	114	115
180	1	0	4
180	2	4	5
180	3	5	9
180	4	10	15
180	5	16	19
180	6	20	31
180	7	32	34
180	8	35	38
180	9	39	53
180	10	54	55
180	11	55	56
180	12	57	58
180	13	59	63
180	14	64	67
180	15	68	72
180	16	72	73
180	17	74	80
180	18	81	83
180	19	84	85
180	20	86	93
180	21	94	103
180	22	104	107
180	23	108	114
180	24	115	117
180	25	118	124
180	26	125	130
180	27	131	133
180	28	134	136
180	29	137	148
180	30	148	149
180	31	149	158
180	32	159	172
180	33	173	178
180	34	179	180
180	35	181	193
180	36	194	198
180	37	199	210
180	38	210	211
181	1	0	6
181	2	7	9
181	3	10	21
181	4	22	25
181	5	26	30
181	6	31	38
181	7	39	42
181	8	43	48
181	9	49	56
181	10	57	59
181	11	60	61
181	12	62	70
181	13	71	73
181	14	74	81
181	15	82	89
181	16	90	92
181	17	93	96
181	18	97	98
181	19	98	99
181	20	100	103
181	21	104	107
181	22	108	114
181	23	115	120
181	24	121	124
181	25	125	129
181	26	130	134
181	27	135	137
181	28	137	138
182	1	0	3
182	2	4	11
182	3	12	16
182	4	17	19
182	5	20	22
182	6	23	29
182	7	30	37
182	8	38	42
182	9	43	46
182	10	47	57
182	11	57	58
183	1	0	3
183	2	4	11
183	3	12	17
183	4	18	27
183	5	28	37
183	6	38	40
183	7	41	44
183	8	45	49
183	9	50	53
183	10	54	58
183	11	59	62
183	12	63	67
183	13	68	76
183	14	76	77
183	15	78	81
183	16	82	83
183	17	84	85
183	18	86	90
183	19	91	94
183	20	95	99
183	21	99	100
183	22	101	113
183	23	113	114
184	1	0	4
184	2	5	9
184	3	10	18
184	4	19	22
184	5	23	27
184	6	28	39
184	7	40	42
184	8	43	48
184	9	49	56
184	10	57	66
184	11	66	67
184	12	68	78
184	13	79	81
184	14	82	87
184	15	88	96
184	16	97	100
184	17	101	108
184	18	109	116
184	19	117	121
184	20	122	136
184	21	137	141
184	22	141	142
185	1	0	3
185	2	4	17
185	3	18	20
185	4	21	22
185	5	23	28
185	6	28	29
185	7	29	40
185	8	41	48
185	9	49	51
185	10	52	58
185	11	58	59
185	12	59	66
185	13	67	76
185	14	77	91
185	15	92	96
185	16	97	98
185	17	99	101
185	18	102	112
185	19	113	122
185	20	123	124
185	21	124	129
185	22	130	132
185	23	133	136
185	24	137	144
185	25	145	156
185	26	157	159
185	27	160	163
185	28	164	168
185	29	169	173
185	30	173	174
185	31	175	177
185	32	178	186
185	33	187	189
185	34	190	199
185	35	200	201
185	36	201	202
185	37	203	205
185	38	206	208
185	39	208	209
185	40	210	212
185	41	213	215
185	42	216	218
185	43	219	221
185	44	222	225
185	45	226	232
185	46	233	241
185	47	242	252
185	48	252	253
185	49	254	258
185	50	259	267
185	51	268	271
185	52	272	285
185	53	286	288
185	54	289	292
185	55	293	301
185	56	302	304
185	57	305	314
185	58	315	320
185	59	320	321
186	1	0	3
186	2	4	12
186	3	13	24
186	4	25	27
186	5	28	29
186	6	30	35
186	7	36	41
186	8	41	42
186	9	42	52
186	10	53	65
186	11	66	67
186	12	67	71
186	13	71	72
186	14	73	78
186	15	78	79
186	16	80	89
186	17	90	99
186	18	100	105
186	19	106	109
186	20	110	120
186	21	121	133
186	22	134	136
186	23	137	140
186	24	141	150
186	25	151	163
186	26	164	166
186	27	167	169
186	28	170	182
186	29	182	183
186	30	183	194
186	31	195	200
186	32	201	206
186	33	207	211
186	34	212	216
186	35	217	218
186	36	218	220
186	37	220	221
186	38	221	225
186	39	225	226
186	40	226	227
186	41	228	234
186	42	235	237
186	43	238	241
186	44	242	250
186	45	251	253
186	46	254	260
186	47	261	268
186	48	269	273
186	49	274	281
186	50	282	293
186	51	294	296
186	52	297	303
186	53	304	308
186	54	309	312
186	55	313	315
186	56	316	326
186	57	327	336
186	58	336	337
186	59	338	348
186	60	349	352
186	61	353	359
186	62	360	369
186	63	370	383
186	64	384	391
186	65	392	396
186	66	397	400
186	67	401	411
186	68	412	416
186	69	416	417
186	70	417	424
186	71	425	433
186	72	434	436
186	73	437	440
186	74	441	450
186	75	451	453
186	76	454	463
186	77	464	468
186	78	468	469
187	1	0	3
187	2	4	16
187	3	17	19
187	4	20	24
187	5	25	32
187	6	33	37
187	7	38	44
187	8	45	47
187	9	48	56
187	10	56	57
187	11	57	63
187	12	64	70
187	13	70	71
187	14	72	81
187	15	82	83
187	16	84	89
187	17	90	97
187	18	98	102
187	19	103	106
187	20	107	109
187	21	110	117
187	22	118	121
187	23	122	131
187	24	132	135
187	25	136	146
187	26	147	159
187	27	159	160
188	1	0	5
188	2	6	16
188	3	17	25
188	4	26	33
188	5	34	37
188	6	38	41
188	7	42	52
188	8	53	56
188	9	57	59
188	10	60	74
188	11	75	77
188	12	78	85
188	13	86	95
188	14	96	98
188	15	99	105
188	16	106	110
188	17	111	116
188	18	117	121
188	19	122	126
188	20	127	129
188	21	130	132
188	22	133	134
188	23	135	139
188	24	139	140
188	25	141	152
188	26	153	155
188	27	156	159
188	28	160	163
188	29	164	173
188	30	174	186
188	31	187	197
188	32	198	206
188	33	207	209
188	34	210	219
188	35	220	232
188	36	233	235
188	37	236	239
188	38	239	240
188	39	241	247
188	40	248	254
188	41	255	257
188	42	258	262
188	43	263	265
188	44	266	271
188	45	272	277
188	46	278	281
188	47	282	287
188	48	288	293
188	49	294	297
188	50	298	299
188	51	300	301
188	52	302	306
188	53	307	310
188	54	311	314
188	55	314	315
188	56	316	328
188	57	328	329
188	58	330	332
188	59	333	336
188	60	337	338
188	61	338	340
188	62	341	342
188	63	342	343
189	1	0	11
189	2	12	14
189	3	15	19
189	4	20	27
189	5	28	31
189	6	32	38
189	7	39	41
189	8	42	45
189	9	46	48
189	10	49	55
189	11	56	58
189	12	59	62
189	13	63	71
189	14	72	78
189	15	78	79
189	16	80	87
189	17	88	92
189	18	93	107
189	19	108	109
189	20	109	110
189	21	111	112
189	22	113	117
189	23	118	121
189	24	122	126
189	25	126	127
189	26	128	134
189	27	135	138
189	28	139	141
189	29	142	154
189	30	155	163
189	31	164	166
189	32	167	174
189	33	175	184
189	34	185	187
189	35	188	194
189	36	195	199
189	37	200	205
189	38	206	210
189	39	211	215
189	40	216	218
189	41	219	230
189	42	230	231
190	1	0	1
190	2	2	9
190	3	10	15
190	4	16	23
190	5	24	26
190	6	27	31
190	7	32	35
190	8	36	40
190	9	41	49
190	10	50	53
190	11	54	62
190	12	63	65
190	13	66	69
190	14	70	71
190	15	71	72
190	16	73	77
190	17	78	82
190	18	83	85
190	19	86	88
190	20	89	93
190	21	94	97
190	22	98	99
190	23	100	101
190	24	102	106
190	25	107	110
190	26	111	112
190	27	113	114
190	28	115	119
190	29	119	120
190	30	121	133
190	31	133	134
191	1	0	3
191	2	4	14
191	3	15	26
191	4	27	35
191	5	36	38
191	6	39	42
191	7	43	49
191	8	50	54
191	9	55	60
191	10	61	64
191	11	65	67
191	12	68	78
191	13	79	83
191	14	84	87
191	15	88	98
191	16	99	107
191	17	108	116
191	18	117	121
191	19	122	125
191	20	126	130
191	21	131	140
191	22	141	143
191	23	144	147
191	24	148	153
191	25	154	161
191	26	162	172
191	27	173	175
191	28	176	181
191	29	182	190
191	30	191	193
191	31	194	195
191	32	196	200
191	33	200	201
192	1	0	3
192	2	4	11
192	3	12	21
192	4	22	38
192	5	39	42
192	6	43	47
192	7	48	55
192	8	56	58
192	9	59	61
192	10	62	64
192	11	65	68
192	12	69	79
192	13	80	82
192	14	82	83
192	15	83	86
192	16	87	92
192	17	93	98
192	18	98	99
192	19	100	103
192	20	104	108
192	21	109	112
192	22	113	115
192	23	116	119
192	24	120	121
192	25	121	122
192	26	123	125
192	27	126	129
192	28	130	135
192	29	136	141
192	30	142	147
192	31	148	153
192	32	153	154
193	1	0	3
193	2	4	12
193	3	13	15
193	4	16	17
193	5	18	23
193	6	24	30
193	7	31	33
193	8	34	40
193	9	41	50
193	10	50	51
193	11	52	53
193	12	54	55
193	13	56	61
193	14	62	64
193	15	65	68
193	16	69	70
193	17	70	71
193	18	71	72
193	19	73	77
193	20	78	82
193	21	83	95
193	22	96	103
193	23	103	104
193	24	105	113
193	25	114	118
193	26	119	125
193	27	125	126
193	28	126	129
193	29	130	138
193	30	138	139
194	1	0	3
194	2	4	14
194	3	15	27
194	4	28	30
194	5	31	35
194	6	36	43
194	7	44	45
194	8	45	50
194	9	51	53
194	10	54	56
194	11	57	63
194	12	64	66
194	13	67	70
194	14	71	72
194	15	72	73
194	16	73	74
194	17	75	80
194	18	81	83
194	19	84	86
194	20	87	93
194	21	94	96
194	22	97	104
194	23	105	106
194	24	107	111
194	25	112	123
194	26	123	124
195	1	0	3
195	2	4	16
195	3	17	28
195	4	29	31
195	5	32	35
195	6	36	45
195	7	45	46
195	8	46	57
195	9	58	67
195	10	68	71
195	11	72	77
195	12	78	80
195	13	81	85
195	14	86	95
195	15	95	96
195	16	97	101
195	17	102	105
195	18	106	112
195	19	113	115
195	20	116	119
195	21	120	122
195	22	123	128
195	23	129	134
195	24	135	138
195	25	139	144
195	26	145	150
195	27	151	154
195	28	155	156
195	29	157	158
195	30	159	163
195	31	164	167
195	32	168	169
195	33	170	171
195	34	172	176
195	35	176	177
195	36	178	190
195	37	190	191
195	38	192	194
195	39	195	198
195	40	199	200
195	41	200	201
195	42	201	202
196	1	0	8
196	2	9	12
196	3	13	20
196	4	21	30
196	5	31	33
196	6	34	47
196	7	48	54
196	8	55	59
196	9	60	65
196	10	66	73
196	11	74	83
196	12	84	86
196	13	87	91
196	14	92	104
196	15	104	105
196	16	106	111
196	17	112	115
196	18	116	118
196	19	119	125
196	20	126	133
196	21	134	136
196	22	137	140
196	23	141	145
196	24	145	146
196	25	146	150
196	26	151	157
196	27	157	158
196	28	159	164
196	29	165	174
196	30	175	183
196	31	184	188
196	32	189	192
196	33	193	199
196	34	200	211
196	35	212	220
196	36	221	223
196	37	224	226
196	38	227	230
196	39	231	232
196	40	232	233
196	41	233	234
197	1	0	5
197	2	6	21
197	3	22	26
197	4	27	41
197	5	42	43
197	6	43	44
197	7	45	46
197	8	47	51
197	9	52	55
197	10	56	60
197	11	60	61
197	12	62	73
197	13	74	78
197	14	79	88
197	15	89	91
197	16	92	99
197	17	100	109
197	18	110	112
197	19	113	125
197	20	125	126
197	21	126	137
197	22	138	142
197	23	142	143
